superior_frontal_gyrus_left,superior_frontal_gyrus_right,orbitofrontal_cortex_left,orbitofrontal_cortex_right,dorsolateral_frontal_cortex_left,dorsolateral_frontal_cortex_right,paracentral_lobule_left,paracentral_lobule_right,postcentral_gyrus_left,postcentral_gyrus_right,dorsolateral_parietal_cortex_left,dorsolateral_parietal_cortex_right,precuneus_left,precuneus_right,anterior_cingulate_cortex_left,anterior_cingulate_cortex_right,posterior_cingulate_cortex_left,posterior_cingulate_cortex_right,isthmus_cingulate_cortex_left,isthmus_cingulate_cortex_right,lateral_temporal_cortex_left,lateral_temporal_cortex_right,mesial_temporal_cortex_left,mesial_temporal_cortex_right,lateral_occipital_cortex_left,lateral_occipital_cortex_right,pericalcarine_cortex_left,pericalcarine_cortex_right,lingual_gyrus_left,lingual_gyrus_right,cuneus_left,cuneus_right,insula_left,insula_right,cerebellar_cortex_left,cerebellar_cortex_right,thalamus_left,thalamus_right,caudate_left,caudate_right,putamen_left,putamen_right,globus_pallidus_left,globus_pallidus_right,brainstem_wo_pons,pons,hippocampus_left,hippocampus_right,amygdala_left,amygdala_right,ventral_diencephalon_left,ventral_diencephalon_right
1.2783514,1.3040663,1.307884,1.3450522,1.257658,1.3104111,1.1771487,1.2233373,1.1205951,1.1146259,1.1874574,1.1845251,1.395721,1.418451,1.2088075,1.1635873,1.3181071,1.3604683,1.2912416,1.3420631,1.1509048,1.1645902,1.1507846,1.1552225,1.0857756,1.1294101,1.3365114,1.4307629,1.258826,1.275477,1.1878412,1.185897,1.2276952,1.2405366,1.1884785,1.2042568,1.2173705,1.2326438,0.96980345,1.0617099,1.4788936,1.5138409,1.1962061,1.2460139,0.95838934,0.9477461,1.007359,1.0445027,1.0028033,1.063833,1.0264246,1.0517427
1.2019191,1.1968142,1.2269555,1.213727,1.2515367,1.2019207,1.1383595,1.1354077,1.1657829,1.0986836,1.1399528,1.0964153,1.3590612,1.3484001,1.19247,1.1519533,1.2857674,1.2793926,1.2729148,1.2481209,1.0705749,1.0947452,1.127524,1.137184,1.0958601,1.1052591,1.4425098,1.505139,1.3479892,1.3754123,1.3290265,1.3843089,1.1613487,1.1516482,1.113392,1.107426,1.1104385,1.1032459,1.0193155,1.0201831,1.3308173,1.3502737,1.0762529,1.0982643,0.8784571,0.92893606,0.9933198,0.9248899,0.957726,0.8925517,0.9821726,0.92988545
1.1318249,1.159368,1.2079046,1.2061553,1.2620747,1.2305598,1.168403,1.1693578,1.1648396,1.1283008,1.1974577,1.1986432,1.3371843,1.3192894,1.03857,1.0452938,1.2406697,1.3030295,1.2007945,1.2221336,1.1582005,1.1446041,1.1408137,1.1172994,1.2742128,1.2822121,1.4330679,1.4763446,1.339391,1.3367558,1.2747158,1.2657487,1.1496385,1.1500052,1.1535434,1.1410993,1.1365227,1.154477,1.0062459,1.0470016,1.4003757,1.3621209,1.0712217,1.0608225,0.91358244,0.935075,0.9410333,0.9332069,0.9599323,0.92849946,1.0041083,0.9961916
1.2529784,1.2632353,1.2521962,1.2471267,1.2371448,1.2552199,1.101632,1.1228071,1.0597955,1.110041,1.1417245,1.1610354,1.3568133,1.4143277,1.1662642,1.1005827,1.2213304,1.3006018,1.3721883,1.3761255,1.1104326,1.1234052,1.03086,1.0364939,1.1845039,1.2060288,1.3275422,1.4728658,1.2656789,1.307891,1.2678708,1.2470837,1.1170341,1.1477042,1.058987,1.0721381,1.1611152,1.1656348,1.0478234,1.0540149,1.5024803,1.4920589,1.0438673,1.0796269,0.8394567,0.9101467,0.86211383,0.87089497,0.88631505,0.90163577,0.90816516,0.90914065
1.4431514,1.3827446,1.3034247,1.2547556,1.5197881,1.4266477,1.5502476,1.5253953,1.309369,1.3121035,1.2950653,1.3313371,1.6084492,1.603044,1.2415295,1.2040861,1.4727573,1.5149764,1.2269144,1.267408,1.130931,1.135143,1.0688326,1.0608904,1.2813174,1.3711698,1.6125771,1.6050352,1.3607477,1.3424556,1.4983712,1.650554,1.2641705,1.1755865,1.1216052,1.1232553,1.1614553,1.1853971,0.9235565,0.96772736,1.4617919,1.4761814,1.041847,1.1057832,0.8611376,0.90948176,0.88612473,0.90524614,0.8837224,0.9103119,0.92453754,0.9412662
1.405642,1.3586019,1.3158853,1.2988418,1.4024448,1.3893092,1.2675564,1.2975599,1.221002,1.2160594,1.2570387,1.2015684,1.6264302,1.6062466,1.232571,1.1954684,1.5196807,1.5120559,1.4881201,1.5462942,1.1886322,1.1534603,1.1458285,1.1379292,1.0528275,1.1096677,1.4809502,1.6363499,1.4183526,1.4218242,1.3883712,1.4658973,1.2451752,1.2899191,1.1361295,1.1515685,1.2371105,1.2582425,1.1107787,1.1503274,1.5777926,1.6555203,1.1473553,1.2550796,0.93184817,0.92489207,0.93282145,0.9639819,0.879364,0.97125036,0.94810253,1.0075442
1.5018,1.5210516,1.2882946,1.3531915,1.4808228,1.6237432,1.6781988,1.6823115,1.3413657,1.474247,1.3324497,1.4912256,1.699495,1.7294043,1.2946008,1.2120982,1.5504786,1.7117221,1.4984392,1.5098088,1.1307114,1.3002188,1.1206769,1.263444,1.402793,1.5203933,1.8013947,1.8941009,1.4867245,1.4478344,1.5676329,1.6298412,1.1913579,1.284496,1.239008,1.262814,1.2592278,1.3408823,1.0753425,1.1961776,1.6762148,1.8090575,1.255351,1.3047081,1.0307227,0.9486929,0.97237104,1.0334916,0.9289439,1.0309029,1.0377582,1.0314069
1.0922915,1.1342787,1.0680288,1.0890353,1.1295786,1.125425,1.1704314,1.1323535,1.0354397,1.0028838,1.0358982,1.0155088,1.3024002,1.2302196,1.0539626,1.0195814,1.1783419,1.1985645,1.1631687,1.1529186,0.9860049,0.99251646,1.0303937,1.0075215,0.952375,0.9346264,1.3590963,1.4295579,1.2847605,1.2395335,1.2817328,1.3227352,1.1213746,1.0946195,1.095675,1.1086615,1.0338054,1.0166888,0.9247559,0.9539385,1.2593117,1.2589778,1.0115976,1.0177472,0.909694,0.9305069,0.9263001,0.90189195,0.92516786,0.9007285,0.9150533,0.8812574
1.2248595,1.2382895,1.257577,1.2457919,1.2995096,1.3265877,1.2289188,1.2137346,1.2028513,1.1889786,1.281029,1.2893453,1.4507996,1.4500177,1.07486,1.0327542,1.3372681,1.3283757,1.3358654,1.3371292,1.2056029,1.1921262,1.1603088,1.1619872,1.3586962,1.364564,1.3380786,1.3932571,1.3380315,1.2995769,1.4304724,1.4490019,1.0680864,1.0598654,1.0537939,1.0387757,1.0632093,1.0768833,0.90998375,0.9462404,1.4827266,1.4851011,1.0972706,1.1423804,0.8686623,0.92684156,0.89478266,0.8535723,0.92624617,0.9464152,0.89382386,0.8892991
1.263332,1.2603934,1.2813418,1.2850347,1.3469002,1.3509328,1.1931603,1.2123344,1.1538533,1.1624922,1.2727094,1.2572596,1.4977062,1.4569829,1.1558291,1.0888159,1.364629,1.362889,1.3543043,1.34174,1.2086506,1.1799788,1.154447,1.1442496,1.3640518,1.3703648,1.6098994,1.6787027,1.438204,1.4395566,1.4549216,1.3968537,1.1604706,1.1482073,1.1799755,1.1688375,1.2107868,1.2144864,1.0071692,1.0024923,1.487816,1.4857488,1.1287178,1.1395277,0.8978724,0.92877126,0.9624616,0.9594677,0.9222766,0.92938626,0.9629808,0.95295566
1.6448324,1.6640955,1.3872579,1.4506657,1.627264,1.7097644,1.5400983,1.5562031,1.3456466,1.5830873,1.4719617,1.4886045,1.8190012,1.8124008,1.3455375,1.3429309,1.6343275,1.6569728,1.3247232,1.4356542,1.1353416,1.1892102,1.1061716,1.1110133,1.4610156,1.4391022,1.5952983,1.7215291,1.5063668,1.54163,1.4258423,1.5289829,1.2200898,1.2518314,1.2052689,1.2296805,1.1434153,1.2288607,0.6676985,0.73944885,1.4471047,1.5157349,1.115015,1.2197586,0.874813,0.90131116,0.8758219,0.9281929,0.8698283,0.8756903,0.86318123,0.89808
1.2839062,1.3005154,1.2608112,1.2918664,1.3475993,1.3785954,1.296412,1.268502,1.3203819,1.332919,1.2824912,1.2745798,1.4331182,1.4514579,1.2235329,1.1804531,1.3015302,1.2862252,1.2978832,1.3236793,1.1992084,1.1728693,1.1614434,1.1369143,1.2107981,1.1758221,1.4300188,1.5389984,1.440778,1.3849741,1.3889437,1.4360613,1.3011805,1.2829362,1.0944692,1.0757331,1.0730323,1.073227,1.141941,1.154218,1.5292331,1.5055666,1.1143283,1.0875703,0.9208507,0.94640225,1.0663426,1.0093873,1.0523752,0.9906483,0.9530935,0.94075155
1.283376,1.3165641,1.2798481,1.2782979,1.357715,1.3648919,1.2684468,1.2372447,1.3170433,1.3055801,1.3041565,1.3006821,1.4303186,1.4508982,1.2187452,1.1813186,1.3172894,1.3148878,1.2827117,1.3365175,1.230847,1.202671,1.1911534,1.1303612,1.2677797,1.2302303,1.4753363,1.6019471,1.467561,1.3999006,1.4028372,1.4781194,1.2776589,1.2875755,1.1082418,1.0691874,1.1192559,1.1145307,1.18073,1.1946193,1.5204666,1.5093963,1.1017227,1.0963753,0.92696756,0.9475266,1.0537851,1.0229304,1.0333078,1.0016711,0.95702726,0.94591326
1.1565223,1.2141603,1.2229685,1.2564653,1.2778462,1.3000144,1.1971054,1.2297778,1.1963601,1.1946234,1.2237474,1.2090452,1.3978195,1.3793882,1.1120633,1.100636,1.3077116,1.3521454,1.2913437,1.3041664,1.1414877,1.1533865,1.1328363,1.0987458,1.3211617,1.3040426,1.5780313,1.6321396,1.4461125,1.4186025,1.5147096,1.524454,1.2136343,1.2281938,1.1578845,1.1311555,1.1642174,1.1841518,1.0574876,1.0990806,1.4857113,1.4873494,1.1728827,1.1982507,0.9705682,0.9432793,0.9558326,0.95531887,0.9303073,0.9330291,1.0175427,1.0057724
1.1003592,1.1483417,1.1580657,1.1773516,1.2078675,1.2189825,1.1355305,1.1509898,1.108131,1.1103226,1.1384093,1.1286291,1.2818002,1.2834886,1.091834,1.0749037,1.2476622,1.281892,1.2022455,1.2063614,1.0786967,1.0744134,1.0780705,1.0346235,1.2048849,1.1535093,1.4243853,1.464085,1.3337674,1.2896807,1.3853376,1.3816684,1.1585914,1.1534384,1.1540697,1.1201842,1.1331714,1.1429989,1.0295264,1.0432521,1.3886136,1.3552945,1.1182396,1.1326666,0.9376694,0.94387144,0.9402199,0.92563426,0.92155063,0.91986376,0.9804762,0.96598065
1.3534253,1.337014,1.2814208,1.2929784,1.3937724,1.3918029,1.266922,1.2702376,1.2440021,1.2537562,1.2381849,1.239743,1.4590511,1.4038963,1.2090821,1.1166015,1.3246711,1.397062,1.380245,1.4130653,1.1516154,1.1393678,1.1116091,1.090267,1.3036172,1.2773986,1.8146701,1.7992203,1.5970594,1.4959669,1.5085063,1.4627285,1.2058215,1.2117976,1.1227664,1.0997926,1.1207051,1.1146927,1.0428967,1.0775506,1.4670337,1.4492942,1.1281571,1.1418942,0.9116407,0.9327129,0.9606912,0.963926,0.93057126,0.94077647,0.93650776,0.92864656
1.1826352,1.1272947,1.2400559,1.2328006,1.2353255,1.1616392,1.0546536,1.0541258,1.1120006,1.0426352,1.1729902,1.095308,1.2985818,1.248484,1.1446939,1.0758492,1.142414,1.2057428,1.2335362,1.282147,1.1544063,1.0774734,1.1375465,1.0933982,1.1642554,1.1287367,1.3988525,1.4245639,1.3770717,1.2945579,1.294937,1.2772626,1.1689928,1.1409154,1.0146488,1.0066386,1.0003672,1.0095284,0.9975661,1.0268145,1.3131264,1.2852054,0.9934101,1.0445652,0.9002241,0.9358532,0.9820973,0.95121574,0.91845876,0.92299247,0.8736816,0.9000627
1.283651,1.3472396,1.1393033,1.1660533,1.3077693,1.3175228,1.4403039,1.4443508,1.2019426,1.2137444,1.2497271,1.2617869,1.6230935,1.6037049,1.134197,1.1096556,1.4452205,1.517104,1.2957205,1.3484876,1.0199982,1.0530906,1.0449868,1.0822202,1.2863934,1.3404253,1.4439768,1.6700304,1.3169032,1.3495876,1.5175971,1.5009187,1.0460731,1.010664,1.1298395,1.1411852,1.0719553,1.1272534,0.8554336,0.87534535,1.4044834,1.4566915,1.0745947,1.1234521,0.9265844,0.9356048,0.7886047,0.8280704,0.8064126,0.87057614,0.8740595,0.8838862
1.3474725,1.3898745,1.1852896,1.211934,1.3304,1.3639873,1.4705997,1.4638361,1.1831508,1.2325702,1.2395947,1.2587196,1.6596284,1.6137996,1.1873544,1.1319002,1.4726883,1.5248839,1.332468,1.3993075,1.0296184,1.0807371,1.0509303,1.0910565,1.26402,1.3122276,1.4624019,1.6602877,1.3205826,1.3284003,1.5245368,1.4746816,1.0431896,1.059364,1.118543,1.1318704,1.1134601,1.1550717,0.89486617,0.88995326,1.4479201,1.5031672,1.1406779,1.1612747,0.9363648,0.93199664,0.8142688,0.8407769,0.8111834,0.884202,0.9050464,0.8960282
1.5919588,1.591093,1.5209352,1.5210344,1.6066216,1.6255994,1.5749302,1.5038564,1.4976623,1.4796582,1.428434,1.4289818,1.5742468,1.589547,1.4450773,1.3638192,1.4680953,1.3692094,1.2883672,1.2759317,1.2243047,1.2367778,1.1469296,1.1130369,1.3355596,1.3259462,1.867649,1.833134,1.4932292,1.4445777,1.705614,1.696404,1.3771337,1.4112533,1.2948297,1.3257314,1.195984,1.2395532,0.8270304,0.9048485,1.7122316,1.7508974,1.2412889,1.3518273,0.8833152,0.9180566,0.7836733,0.84824145,0.8682599,0.8655183,0.8804082,0.9221946
1.2607518,1.2638289,1.2384512,1.2521348,1.2532158,1.2876607,1.2894219,1.223986,1.1651677,1.1737688,1.0575218,1.1052496,1.2235762,1.235492,1.1618438,1.1061922,1.2033571,1.1412386,1.0962662,1.0848212,1.0022094,1.0394047,1.0055184,1.0205233,1.0232778,1.0686897,1.409132,1.4393661,1.2459178,1.2127563,1.2978816,1.344647,1.1300159,1.1500359,1.0536491,1.0742277,1.0141678,1.0829186,0.75579995,0.8215598,1.3919582,1.4225091,1.0393429,1.0819207,0.875767,0.92747915,0.77519375,0.82935315,0.8518296,0.8184355,0.81455714,0.86051404
1.5721797,1.5491698,1.4448091,1.4424831,1.5974649,1.5398571,1.6424555,1.6022826,1.3793552,1.3639613,1.4309926,1.3752732,1.6014968,1.6235646,1.3632312,1.2855269,1.6292516,1.6692266,1.3591615,1.3600287,1.2154416,1.2119563,1.1992437,1.192262,1.2897314,1.2464491,1.4884834,1.5526465,1.3916728,1.4433475,1.4523201,1.4776314,1.2750381,1.2837782,1.2676659,1.2493163,1.2561646,1.2766597,1.1313787,1.1390396,1.6724237,1.6258584,1.2119491,1.2501042,0.9458359,0.94571006,0.9298628,0.9496111,0.97653466,0.90663105,0.99531764,1.0263532
1.3296069,1.3352401,1.2595508,1.2902944,1.3324267,1.3380402,1.3952954,1.3591793,1.1610383,1.1936328,1.1790732,1.1847475,1.3557476,1.359647,1.2153015,1.1519471,1.4331528,1.4443016,1.2161964,1.2141633,1.0687213,1.1113746,1.080686,1.0962521,1.1022768,1.0969441,1.2915937,1.329968,1.2227048,1.2549822,1.2320136,1.2384933,1.1325433,1.1417578,1.1620648,1.1785886,1.1680492,1.1943147,1.0418305,1.08179,1.4508951,1.4575965,1.0865669,1.1660572,0.9434566,0.9542436,0.8615073,0.89485085,0.8889155,0.93206567,0.9527469,0.9801987
1.2452849,1.2814296,1.1201458,1.1394259,1.2861165,1.3166008,1.2632657,1.3303456,1.1081128,1.1712667,1.1056598,1.1980025,1.3576553,1.3791783,1.141573,1.0920601,1.2942137,1.3792918,1.2287573,1.2578514,1.0197555,1.0900288,0.9906878,1.0854455,1.127819,1.2076937,1.402897,1.5997442,1.2881609,1.3393942,1.322727,1.326076,1.070879,1.1132034,1.0830395,1.1172746,1.221525,1.2518467,1.1481668,1.1314862,1.6933548,1.6237506,1.2289945,1.2346733,0.9158371,0.9239675,0.9143716,0.94825184,0.8983686,0.9075774,0.9996117,1.0044534
1.2544188,1.2599115,1.1163902,1.1378719,1.2696383,1.2998064,1.2517503,1.3314363,1.110837,1.1575204,1.0920472,1.1559914,1.3477175,1.3681548,1.113287,1.0902469,1.3169469,1.3889292,1.2453943,1.2599392,1.028157,1.0577334,0.99769723,1.0569433,1.0846069,1.1312816,1.3768066,1.4769084,1.2718879,1.3006408,1.2559788,1.2455367,1.0499978,1.0923547,1.0450295,1.0627633,1.1905919,1.2169132,1.1062348,1.0942537,1.6742429,1.6206052,1.2163217,1.2294977,0.88739073,0.9164362,0.8881973,0.9144356,0.8666887,0.8683763,0.9865402,0.99646765
1.1991725,1.2215742,1.2032405,1.2322335,1.2369215,1.3013182,1.0916752,1.2191114,1.1211948,1.1582369,1.2162243,1.2387242,1.3871776,1.3858814,1.0884354,1.0721418,1.2068897,1.3188798,1.2879068,1.3461056,1.0760362,1.1180174,1.0572721,1.0648543,1.2203174,1.2483635,1.3410438,1.3994958,1.2814945,1.2744577,1.2288821,1.3246158,1.0208292,1.0392011,1.1651924,1.1625234,1.0229144,1.0463339,0.8395232,0.8992796,1.3170791,1.3520175,0.9985751,1.018967,0.85057485,0.93080705,0.85617846,0.8564633,0.90086055,0.88407296,0.8533627,0.85620886
1.2485489,1.2519733,1.2098738,1.2050687,1.3103813,1.3365853,1.3082529,1.2672472,1.213688,1.2128757,1.249823,1.2589014,1.4099802,1.3865548,1.1124244,1.0302752,1.375962,1.404507,1.1663995,1.2005714,1.1166947,1.1010569,1.0739186,1.0417405,1.251612,1.3146713,1.4160825,1.4989101,1.287625,1.2626467,1.4211876,1.3764598,1.0580556,1.0577797,1.0300602,1.0398617,1.0182941,1.0159495,0.8891578,0.8838048,1.3660222,1.3846596,1.0389433,1.0348972,0.8240319,0.90612763,0.82904315,0.7942019,0.88622826,0.8232587,0.8963207,0.8933972
1.3804243,1.4008601,1.2548479,1.2780708,1.4542629,1.5130333,1.340528,1.3719264,1.2846605,1.3342445,1.3678926,1.4116952,1.6106544,1.6310973,1.2167175,1.1610966,1.5193139,1.577214,1.3724511,1.4137145,1.2563114,1.2934433,1.1554693,1.1744983,1.3827229,1.4168522,1.708526,1.6930684,1.4763216,1.4775299,1.4845606,1.4180777,1.218028,1.2244083,1.2096184,1.222669,1.1516516,1.1584783,0.99455726,1.0443056,1.5997283,1.6366162,1.123998,1.1331702,0.8863902,0.9130039,0.8681784,0.93091583,0.8600255,0.90672016,0.9650185,1.0090299
1.2738172,1.2637216,1.2670705,1.2494899,1.3904259,1.2857903,1.3398349,1.3782047,1.262808,1.2344254,1.4091461,1.3920288,1.5927043,1.5906303,1.0851189,1.099973,1.4288704,1.4478662,1.3677766,1.3564607,1.2358154,1.1899061,1.166696,1.1438181,1.3569819,1.3441095,1.5087954,1.5619212,1.4022455,1.4020255,1.4577577,1.4854265,1.1390651,1.1219196,1.2007266,1.2236487,1.0468444,1.0648594,1.0085831,1.0423019,1.5325289,1.5343188,1.1752844,1.1883528,0.9152876,0.9301023,0.96394426,0.9149932,1.0141141,0.97426504,1.0016221,0.9516357
1.2457561,1.2352359,1.2313691,1.2450074,1.3022234,1.325583,1.1769615,1.1650857,1.2013328,1.1927438,1.2725961,1.2979094,1.4034808,1.3970479,1.10759,1.0923606,1.3419772,1.3629562,1.1857399,1.208897,1.1213795,1.1668384,1.0603285,1.0931622,1.262281,1.3003192,1.5160507,1.5539553,1.3318843,1.324155,1.3827056,1.4359975,1.1254103,1.1344627,1.115892,1.1372982,1.024341,1.0479349,1.015079,1.043566,1.3194289,1.3211031,0.98973775,1.0228236,0.87513226,0.92125297,0.9150756,0.9063375,0.86167926,0.8812496,0.92140996,0.9059921
1.3177394,1.3438143,1.3162177,1.3056277,1.3195456,1.3372214,1.2325652,1.2651542,1.146138,1.1777356,1.2411098,1.229427,1.5505327,1.5420874,1.3312005,1.2566392,1.4501072,1.467918,1.3992922,1.4632822,1.1639272,1.1863397,1.1398658,1.1857684,1.1565689,1.1818365,1.5492533,1.6422265,1.397847,1.4533492,1.3985193,1.3667556,1.2702259,1.3400937,1.179898,1.1921623,1.2185152,1.2579623,1.187644,1.2061356,1.5909033,1.6939628,1.2262127,1.2867882,0.96876574,0.94582075,1.0497124,1.0906205,1.0256344,1.0930653,0.999636,0.9904997
1.4549127,1.4526148,1.4191108,1.4328969,1.4938031,1.4824018,1.350952,1.364029,1.359983,1.358202,1.427035,1.4034507,1.6342934,1.6114368,1.3832791,1.3439237,1.4940395,1.5094374,1.4811331,1.4862529,1.3523948,1.3389661,1.3727866,1.3518546,1.4365194,1.4473038,1.949867,1.961834,1.7809525,1.7444376,1.574654,1.4727867,1.3665887,1.409076,1.363005,1.3887662,1.2522162,1.2052277,1.1569334,1.172883,1.5216055,1.5713207,1.183649,1.2198218,1.0115236,0.96458524,1.0960491,1.0543519,1.0925835,1.0717249,1.0071903,1.0036542
1.401009,1.3980917,1.3158661,1.3360887,1.5072533,1.5109103,1.4464136,1.4455488,1.3731279,1.3590713,1.3978267,1.390029,1.6096716,1.6198013,1.2705443,1.2021452,1.4879996,1.5266728,1.4675972,1.4824312,1.2213005,1.2141242,1.1638595,1.139801,1.3761973,1.4060445,1.6649897,1.8184142,1.5535554,1.5425619,1.5122232,1.5982089,1.2740961,1.2301663,1.0968704,1.0922159,1.2301241,1.2512434,1.1293625,1.1511102,1.5375613,1.5542268,1.1367897,1.1478943,0.9361463,0.9384971,0.930136,0.9496992,0.8622329,0.89689696,0.99179316,0.9887987
1.2738097,1.2908115,1.244564,1.2721884,1.3463962,1.3740873,1.3728985,1.397213,1.2387005,1.287619,1.2887646,1.3364218,1.4518404,1.4966946,1.1948137,1.172515,1.3981174,1.4449707,1.2088258,1.3057457,1.1724803,1.2344987,1.1499097,1.1752998,1.3514186,1.4161093,1.4819529,1.6033032,1.3856125,1.4367754,1.4525279,1.4439286,1.2004302,1.2262706,1.0993901,1.0905344,1.0874718,1.1043144,0.94824,1.002789,1.5387633,1.559391,1.0950592,1.1312156,0.8823925,0.92559665,0.95946497,0.9587609,0.92665964,0.9309343,0.9281142,0.94472706
1.1527747,1.1457249,1.1119875,1.0944588,1.2278856,1.1984712,1.2567574,1.2555536,1.1516545,1.1413784,1.2236874,1.1952236,1.5060432,1.451908,1.0471836,0.97251534,1.3184066,1.3284845,1.2239695,1.2719251,1.0788127,1.0459563,1.0656977,1.0491236,1.3251506,1.3233595,1.5823038,1.5977181,1.4524537,1.4134461,1.4434,1.3962598,1.0446835,0.9960114,1.0771681,1.0573497,0.97277737,0.9524531,0.84750676,0.8120371,1.3237556,1.2898196,1.0350218,1.0121539,0.8505672,0.90686923,0.8459789,0.8510913,0.829342,0.8416162,0.85680306,0.8254344
1.445081,1.4491596,1.4014469,1.3672754,1.4871475,1.5092591,1.4756542,1.4408739,1.3690933,1.3496048,1.3675668,1.3918254,1.6182358,1.6172113,1.315556,1.3017997,1.583006,1.5604479,1.4807905,1.5907457,1.2761728,1.2840496,1.2984487,1.2754077,1.3217767,1.3559822,1.6691685,1.7234182,1.5646092,1.5849913,1.5720094,1.4825227,1.3551652,1.372917,1.1257684,1.1153587,1.1251229,1.1339663,1.1899662,1.2406493,1.5867469,1.5827115,1.2189898,1.2317363,1.0077413,0.9621953,1.1402483,1.1079366,1.0682319,1.0803987,0.96543294,0.96802866
1.291625,1.34542,1.332601,1.3496112,1.3832829,1.4302678,1.2912611,1.3149705,1.2023007,1.2969303,1.0991542,1.2657619,1.4571853,1.5089247,1.3045968,1.2535166,1.4613385,1.4878175,1.3499658,1.3944155,1.1392936,1.1716471,1.1036603,1.1494383,1.0587764,1.1782639,1.4321885,1.6728119,1.3672178,1.5063835,1.2958344,1.5799906,1.3241694,1.304993,1.2313097,1.2159826,1.1913776,1.2856429,1.2067735,1.2569102,1.5247583,1.5937287,1.2051891,1.2534547,0.9806886,0.9563932,1.0882919,1.1448627,1.0653352,1.0794342,1.0227498,1.0343661
1.2149367,1.2433861,1.1759793,1.1957557,1.218547,1.3140801,1.1888134,1.1613151,1.0650479,1.1320165,1.1396723,1.1632973,1.3057305,1.2848144,1.029389,0.98719394,1.2154771,1.2253768,1.2515002,1.2047513,1.0378687,1.0995463,0.9986755,1.01849,1.1140599,1.1599944,1.1678063,1.281017,1.2072035,1.2247158,1.173767,1.2521114,1.0160005,1.0494078,0.98736346,1.0139432,1.0668099,1.0755876,0.98714864,0.9666724,1.3981411,1.4108115,1.0593435,1.0983814,0.85335517,0.91193223,0.8274385,0.8397455,0.8216717,0.86760795,0.8912401,0.9080958
1.4946864,1.4928932,1.3808275,1.4021897,1.5434949,1.5385712,1.3687634,1.3852631,1.3764662,1.3795177,1.4574902,1.413722,1.663336,1.6253625,1.3404442,1.2850544,1.6050564,1.6129798,1.5767804,1.5707673,1.3281955,1.307431,1.2561647,1.2239971,1.3754728,1.3555831,1.7012457,1.7192767,1.5453346,1.5094197,1.6555965,1.649555,1.3656129,1.3501459,1.2223701,1.2206943,1.3222305,1.3174763,1.2723773,1.2738677,1.4979625,1.4782006,1.1214623,1.1368588,1.0109358,0.957021,1.091524,1.0764139,1.037645,1.0297745,1.0578812,1.0496472
1.0746728,1.0636016,1.0994701,1.0951716,1.1805733,1.1542326,1.114416,1.1346439,1.011412,1.0435742,1.073635,1.0692427,1.2409455,1.1820567,0.94460636,0.8977026,1.1064306,1.0814831,1.1651335,1.1078641,1.0462955,1.0220152,1.0466964,1.007067,1.209244,1.1808196,1.5876569,1.5570694,1.3293799,1.3239751,1.2903814,1.2461811,0.9841535,0.9690125,1.2013307,1.1666329,1.0954291,0.9185793,1.0092634,1.0207667,1.4342009,1.4227949,1.1074947,1.1720309,0.9059119,0.9221156,0.86271197,0.878387,0.85027814,0.8587728,0.9323172,0.9240363
1.3219349,1.3750793,1.2886411,1.3112881,1.4679255,1.4952289,1.4758397,1.506295,1.3757439,1.3243496,1.3811066,1.3356901,1.7635,1.7484945,1.239311,1.184058,1.6209219,1.6250603,1.5109806,1.512199,1.1532915,1.1553984,1.1606684,1.1437505,1.3311833,1.3322754,1.9025537,1.7773659,1.6251833,1.5743655,1.685176,1.6606497,1.2763321,1.2597147,1.0982269,1.0899148,1.2488011,1.2666541,1.0530314,1.0530207,1.6220137,1.6529423,1.1078415,1.1608464,0.88709843,0.9139984,0.91697246,0.9307829,0.88825345,0.9271603,0.9556453,0.9634218
1.2285439,1.2440734,1.1708634,1.1709585,1.2699577,1.2882302,1.3169506,1.3034065,1.1570084,1.1579598,1.1949022,1.189187,1.3998913,1.3860985,1.1266105,1.1129442,1.3387537,1.3340151,1.2863055,1.2878575,1.1213043,1.1257473,1.1061721,1.109231,1.1848955,1.1746417,1.4591277,1.5155865,1.3785468,1.3248658,1.3396834,1.3367769,1.1126812,1.089464,1.139562,1.131944,1.1269989,1.1528184,1.0470717,1.0604392,1.4410337,1.4561093,1.1088781,1.1293074,0.9016058,0.9423851,0.9774435,0.9586572,0.93172556,0.943284,0.93967116,0.96173334
1.3845301,1.3895955,1.3539442,1.340849,1.4537809,1.4859557,1.3968498,1.3885475,1.313735,1.3679539,1.3651086,1.3834664,1.5350007,1.5401682,1.2471552,1.1977687,1.4737871,1.4843638,1.4227854,1.4376364,1.2417587,1.27805,1.2110592,1.2232612,1.446503,1.4522538,1.6366177,1.6761603,1.4952701,1.513401,1.5801423,1.5394086,1.2557133,1.2832276,1.22213,1.1938798,1.2196612,1.2413456,1.055373,1.1107956,1.4760895,1.4813688,1.1439618,1.151523,0.9278414,0.9286345,1.0286014,1.0390924,0.9727584,0.9934366,0.9847131,0.9815937
1.3634996,1.3394539,1.3259526,1.3152654,1.4169068,1.4107721,1.389541,1.4053798,1.3320098,1.351103,1.3500324,1.3214303,1.5534407,1.5463413,1.2744762,1.2549485,1.5014944,1.5367978,1.3985213,1.4114558,1.2551088,1.2496278,1.2088735,1.1951088,1.3726462,1.3902577,1.5846983,1.6958672,1.5155333,1.496306,1.5007827,1.5352128,1.298112,1.2912812,1.1265813,1.1331556,1.1713384,1.1803795,1.1505578,1.1211337,1.4705292,1.4501375,1.0899371,1.0802641,0.88685775,0.9266294,1.0610436,1.0316535,1.0188576,0.9760299,0.9723479,0.96427065
1.2605681,1.2407607,1.2681044,1.2598042,1.3935455,1.3407016,1.1876864,1.2170122,1.2319355,1.1874236,1.2794695,1.2591488,1.4206244,1.444635,1.1068673,1.0291672,1.2585919,1.2716339,1.2879933,1.3636451,1.1879209,1.1623032,1.1172856,1.0926965,1.3027774,1.33799,1.6000782,1.6655015,1.4352819,1.4638137,1.4923756,1.5397619,1.1814421,1.1334258,1.1461737,1.1381247,1.1294864,1.1332779,0.9488773,0.9254324,1.4338727,1.4010767,1.0381477,1.0620481,0.9164875,0.928602,0.9693677,0.96207225,0.9237568,0.9087834,0.91086125,0.94880116
1.2297716,1.2261894,1.1488802,1.1695502,1.3203557,1.3132094,1.3613622,1.4085361,1.2231486,1.2430665,1.115113,1.2363732,1.2684743,1.363592,1.0634578,1.0155629,1.3285341,1.295349,1.1626642,1.2355436,1.0056678,1.0243179,0.92923707,0.9935358,1.0569786,1.2776556,1.3698672,1.4699959,1.2257483,1.3016732,1.236941,1.3153071,0.96158254,1.0230097,1.0813009,1.0906811,1.0329323,1.0473572,0.7667622,0.78970003,1.3259034,1.3112804,1.0260944,0.9839028,0.8583898,0.9113752,0.8294249,0.8262984,0.858166,0.8452117,0.8451649,0.8476101
1.1369947,1.1219387,1.1417799,1.1355995,1.1925114,1.1725024,1.0854574,1.0511007,1.041149,1.0312322,1.125271,1.1061587,1.2458521,1.215134,1.0062261,0.97190857,1.1324855,1.1279973,1.1123415,1.1569847,1.0686108,1.0391799,1.0231922,1.0041482,1.2275783,1.2434549,1.3145418,1.3706149,1.2583524,1.2337565,1.25874,1.2472197,0.9850033,0.97200674,1.0617772,1.0763218,1.1187989,1.1046777,1.0034405,1.0005809,1.4293147,1.4133581,1.1018885,1.1109068,0.8686733,0.9049309,0.87958264,0.83130354,0.86679757,0.76712716,0.8783509,0.8850792
1.3228656,1.3248256,1.3352833,1.324929,1.4224908,1.4037337,1.3521076,1.3722899,1.2789866,1.241096,1.4130011,1.3846784,1.6211957,1.5888873,1.2021139,1.1660079,1.4293715,1.4291556,1.449422,1.4858056,1.2408519,1.2385665,1.2442076,1.2360661,1.360362,1.3756526,1.6332401,1.7089113,1.539051,1.4666697,1.5374858,1.5103555,1.209994,1.1931909,1.2574463,1.241007,1.1762439,1.1820326,1.1165053,1.1061091,1.433404,1.4117355,1.023084,1.0341699,0.93337935,0.94643366,0.984342,0.96430933,0.92607486,0.9190541,0.92272747,0.914167
1.3568307,1.3387072,1.3009703,1.3095934,1.3953815,1.4253608,1.2271922,1.2405144,1.2114236,1.2399598,1.3127468,1.3216712,1.4726171,1.4635838,1.1930186,1.1441162,1.3459818,1.3748955,1.3962688,1.3815806,1.2262095,1.2277997,1.1839454,1.1548077,1.3375336,1.3490438,1.5575858,1.5218226,1.3774127,1.3545141,1.4114196,1.4334768,1.1926746,1.182583,1.1779196,1.1775229,1.1385316,1.140013,1.0797157,1.0836176,1.417402,1.4189616,1.0403471,1.0551323,0.9035149,0.93221897,0.92708933,0.89543456,0.8642277,0.8494648,0.94068736,0.9263244
1.2122768,1.2334431,1.2056565,1.2020524,1.3382301,1.2978363,1.1637216,1.2074983,1.2298051,1.2351233,1.3352207,1.314984,1.4722646,1.4623296,1.0767877,1.0709525,1.2883277,1.2820357,1.290269,1.2759218,1.1482209,1.1621431,1.0886937,1.0829602,1.3069001,1.3009479,1.5402884,1.5708841,1.3760741,1.3875551,1.388116,1.424423,1.1471076,1.1549345,1.118651,1.1168938,1.1540656,1.1559066,1.0385153,1.0072522,1.3265127,1.3561836,1.0350165,1.0650504,0.8962606,0.9238815,0.9202126,0.9098885,0.88958293,0.8958606,0.9100709,0.9397339
1.5690156,1.5266639,1.3774215,1.3776596,1.5971638,1.6092923,1.5421933,1.5069729,1.4510611,1.454468,1.5340575,1.5302896,1.7543895,1.7213106,1.3210789,1.2595624,1.6068484,1.6393216,1.5365707,1.5969187,1.3389388,1.3233902,1.2126869,1.2212939,1.4398719,1.4377362,1.6403004,1.7551924,1.534252,1.5373244,1.651207,1.660465,1.3225275,1.310941,1.3095081,1.3314725,1.1584123,1.1775589,1.1133468,1.123799,1.4191924,1.4358548,1.0829641,1.0894685,0.97472703,0.9606076,1.0287215,1.0244292,0.9334146,0.936433,0.96587676,0.97223836
1.4896214,1.5140907,1.3377377,1.414762,1.5890194,1.6337073,1.5069641,1.5379643,1.4735568,1.4949481,1.4085172,1.5116479,1.5975884,1.686397,1.3176413,1.3375127,1.5695688,1.6304246,1.3656204,1.4581909,1.22758,1.3461121,1.2619958,1.29361,1.5957431,1.6463785,1.9313143,1.9485948,1.6862712,1.6350899,1.7679158,1.7396795,1.3009156,1.4113415,1.2247537,1.2096763,1.2713974,1.2891811,1.2087352,1.2285645,1.7340609,1.7754946,1.2372824,1.2797205,0.9322757,0.93959445,0.9855501,1.0375229,0.98763067,1.0242782,0.9753841,1.0033883
1.2405167,1.2657852,1.2385446,1.2475493,1.3375597,1.4054743,1.3100607,1.2888352,1.2528735,1.2608367,1.2485479,1.2553145,1.4958662,1.4245765,1.0694892,1.0050266,1.4510006,1.4307169,1.2218418,1.2778552,1.1191417,1.1676738,1.0498706,1.0981097,1.2789865,1.2825772,1.5004367,1.5465726,1.3190919,1.2893168,1.3538476,1.3306062,1.0870842,1.1246083,1.1300217,1.1306744,1.110236,1.1236874,0.84734493,0.87976205,1.423754,1.3904752,1.1163485,1.1426828,0.8507079,0.9168772,0.79602367,0.83800274,0.8505729,0.891843,0.9155323,0.9147092
1.2130461,1.2375177,1.1526304,1.1863089,1.2408932,1.2955792,1.2669997,1.2922246,1.1148676,1.1874843,1.1597934,1.2242292,1.3714263,1.4096009,1.0837948,1.064976,1.311694,1.3595052,1.2010043,1.2041507,1.0824893,1.1194776,1.0758213,1.0875319,1.2227186,1.2763457,1.4755297,1.48746,1.3205737,1.2966534,1.3622487,1.3079327,1.0616459,1.0724071,1.0920155,1.105125,1.0184826,1.0201452,0.92374694,0.92608106,1.2728106,1.2904248,0.9782405,1.0009332,0.8355065,0.91450614,0.85674626,0.86933726,0.8389712,0.86089414,0.84540224,0.8544677
1.4590824,1.4879478,1.4257299,1.4384886,1.5126337,1.5666311,1.3802655,1.3635819,1.3384643,1.3886045,1.3036354,1.3707476,1.5762076,1.5981703,1.2242669,1.1787401,1.482322,1.4856321,1.4904244,1.5362468,1.285942,1.3158264,1.1786461,1.1917611,1.2988662,1.3403984,1.5348744,1.5502406,1.4178424,1.3863007,1.5295566,1.5457568,1.2715353,1.2665497,1.1825236,1.2265527,1.1129522,1.0792942,1.1897769,1.2322125,1.5027616,1.5564433,1.1043384,1.1514162,0.9182439,0.9358055,0.9132622,0.9240341,0.90625113,0.9511973,0.90081865,0.93501717
1.5217465,1.5463126,1.4241017,1.4493778,1.5722785,1.5985421,1.4035949,1.4555149,1.4105731,1.4156622,1.5101821,1.5003532,1.7149459,1.74308,1.3067942,1.2515861,1.5749613,1.6310606,1.5337977,1.6012574,1.3988215,1.4252257,1.2435452,1.2489717,1.3880821,1.4078922,1.7041237,1.730114,1.5050825,1.5084693,1.539386,1.6137022,1.354675,1.3097892,1.2177755,1.2445804,1.1718314,1.2112937,1.1807911,1.2040558,1.5026062,1.4685689,1.0733654,1.0879606,0.9131741,0.9508979,0.9834177,0.9908389,0.9869231,1.018745,0.9716332,0.99682724
1.318486,1.3188375,1.2865188,1.2559564,1.4836695,1.3982092,1.2712713,1.2607139,1.3055422,1.2547386,1.3752596,1.370385,1.5469502,1.5384263,1.204307,1.1609524,1.4035463,1.4281508,1.4123583,1.406548,1.2368399,1.160661,1.137612,1.113426,1.3873893,1.3378294,1.4160359,1.4534271,1.4140785,1.3775395,1.4475366,1.4578774,1.2495984,1.2208831,1.1569947,1.1150548,1.1638826,1.2076008,1.0946807,1.1423504,1.3911,1.4017582,1.0692219,1.0796521,0.91046876,0.945169,0.94926953,0.90915346,0.92093503,0.9102188,0.94982576,0.9504898
1.1800822,1.148235,1.1745342,1.1608795,1.2766453,1.2217841,1.1025454,1.1431255,1.0813726,1.0643802,1.1932476,1.1736467,1.3178673,1.3339387,1.0615035,1.0741988,1.2521163,1.2814503,1.2225459,1.2135932,1.1203761,1.0693785,0.9911034,0.99646205,1.1501663,1.1414958,1.231068,1.2841609,1.1568822,1.166848,1.2284526,1.2825096,1.0777587,1.0319134,1.0080639,0.9856599,1.0939835,1.0947526,1.0205286,1.0246962,1.3367138,1.3087703,1.0399514,1.0166014,0.8555989,0.91929966,0.8738439,0.8570317,0.8663749,0.8516723,0.89978695,0.8927998
1.2292217,1.193406,1.1766288,1.1882088,1.2277207,1.2531087,1.1645759,1.1365519,1.0732534,1.0943013,1.0140853,1.0714955,1.2814372,1.2462158,1.1427758,1.0468912,1.2213293,1.2466439,1.2339872,1.214957,1.0247635,1.0815921,1.0015962,1.0429682,1.0517896,1.142612,1.3320271,1.3452467,1.1745096,1.1357181,1.1979498,1.1943134,1.0891521,1.1419826,1.097648,1.1233392,1.128366,1.1390187,1.0451974,1.1126842,1.4869546,1.4721622,1.1693693,1.1639401,0.9812951,0.94270295,0.9236754,0.955669,0.91560096,0.91381913,0.9971813,1.0129976
1.2258255,1.2507936,1.1430082,1.1657311,1.2204823,1.2584641,1.2445717,1.2453539,1.056107,1.1482201,1.1080742,1.0985128,1.3192276,1.3092704,1.1643245,1.1532617,1.3232346,1.3480502,1.3225831,1.3432631,0.9924635,0.9868761,0.95600927,0.9784755,1.0825663,1.0581162,1.3707787,1.343929,1.2577282,1.2386086,1.2388694,1.2376716,1.0947781,1.1131771,1.0092992,1.0327287,1.2104597,1.1963315,1.1137798,1.1756928,1.3828603,1.4004939,1.0779287,1.1588644,0.8970238,0.9111401,0.859647,0.90228367,0.86002076,0.85876036,0.9336877,0.9073344
1.155006,1.1433989,1.0826384,1.1299978,1.2096102,1.179217,1.2539485,1.2418854,1.1394492,1.1434329,1.0881281,1.0405211,1.3530685,1.2800375,0.9720472,0.9610502,1.2471557,1.2297305,1.2153082,1.2494514,1.0050457,0.9633288,1.0152674,0.98388726,1.031822,0.9724453,1.3586588,1.3610318,1.2728868,1.2650396,1.3161756,1.2268794,1.0540646,1.060945,1.0654212,1.063251,1.0448524,1.0699073,0.81837595,0.87451893,1.3774583,1.408322,1.1069312,1.1618792,0.927057,0.9215526,0.8891242,0.8935521,0.88710415,0.8596354,0.9217693,0.9290369
1.50851,1.4881943,1.3834097,1.3458581,1.6731921,1.6079291,1.6019816,1.6259443,1.558849,1.516945,1.5403532,1.470561,1.7335459,1.6982235,1.2847263,1.269165,1.6759641,1.6764803,1.5500908,1.5394973,1.2177025,1.1585729,1.1262275,1.0633801,1.4027927,1.3955477,1.6108623,1.6392004,1.4587431,1.4616344,1.6789956,1.5908753,1.3009145,1.2369349,1.1938012,1.1665757,1.3193587,1.2742949,1.1776888,1.0903175,1.6389581,1.5162847,1.1943142,1.1868137,0.91653043,0.93706894,0.8955395,0.83970374,0.8354635,0.81231654,0.9701767,0.96340454
1.658359,1.7319999,1.533327,1.5705293,1.8929455,1.8661575,1.570422,1.5974513,1.7002162,1.6675179,1.6727061,1.7333218,1.7233304,1.7998972,1.2905263,1.3716174,1.5674205,1.6662021,1.4187659,1.602383,1.4710176,1.4061553,1.1688361,1.2047656,1.5444459,1.5767779,1.6502603,1.7721673,1.4753331,1.5157524,1.5330181,1.5938572,1.3059105,1.3159578,1.3814275,1.3525761,1.357881,1.3871026,1.2763262,1.3090414,1.903466,1.8782713,1.3510237,1.3659948,0.9368488,0.9061992,0.8603778,0.89533645,0.8257588,0.82571703,1.1147699,1.0739876
1.6604766,1.6195803,1.4273449,1.4214427,1.733384,1.6792438,1.5839796,1.5763135,1.5670575,1.4532921,1.6494489,1.6060443,1.7475415,1.7301623,1.4399521,1.3434494,1.7341186,1.7070618,1.4640467,1.4988961,1.3313627,1.3890709,1.2082505,1.1818782,1.4351195,1.4805135,1.7970376,1.9072471,1.4793837,1.4664204,1.6249884,1.6573254,1.4248514,1.3974247,1.2902459,1.2790896,1.4328288,1.4774804,1.3096647,1.3080889,1.707292,1.6556696,1.2526238,1.2205713,0.91800445,0.92190415,0.8906693,0.9862775,0.82865924,0.9477058,1.0546995,1.1063497
1.3814223,1.3297807,1.2657579,1.2716486,1.4096549,1.3555415,1.3413377,1.282034,1.235013,1.1899545,1.3444788,1.2253667,1.5894536,1.4806715,1.261971,1.2442663,1.4725617,1.4059787,1.4062707,1.3501567,1.1718885,1.1420307,1.1041727,1.0665234,1.3165681,1.2051228,1.588962,1.5884078,1.3767905,1.2857312,1.4538819,1.4277155,1.2153094,1.2168424,1.1662741,1.1799195,1.2612332,1.2452908,1.1780056,1.1809875,1.4421266,1.4244345,1.1092315,1.1319481,0.9293445,0.93031406,0.97943836,0.9683583,0.9475037,0.9428835,1.0398748,1.0420345
1.6960288,1.7132852,1.6626759,1.7055109,1.8738464,1.8645738,1.7138492,1.7605325,1.7009168,1.7343199,1.7370462,1.7816792,1.9138122,1.9083345,1.649029,1.5558265,1.7827178,1.8257898,1.4888006,1.622559,1.4533098,1.5290761,1.3981838,1.3382418,1.6106337,1.6355914,1.75424,1.8101597,1.6696224,1.6242915,1.7338852,1.7997359,1.5595542,1.6389753,1.4195831,1.394565,1.2816712,1.337098,1.3153329,1.2747912,1.7639769,1.7552389,1.2723136,1.3741872,1.0129602,0.96687585,1.1490307,1.0878525,1.0402163,1.0698111,0.9902218,0.9737574
1.1905242,1.1871998,1.1325704,1.1177745,1.2374294,1.2275627,1.3358424,1.342846,1.1498871,1.1725653,1.1981528,1.1485785,1.3826984,1.3690763,1.0288388,1.0325103,1.2923194,1.3182607,1.1239046,1.133021,1.0815935,1.0687342,1.0777032,1.0585684,1.2229903,1.1999586,1.467856,1.5695695,1.3733824,1.3569989,1.3680109,1.4028323,1.0680772,1.0433435,1.1746598,1.1824197,1.0987574,1.0643919,0.9245759,0.90148765,1.3862956,1.3643314,1.1360255,1.12779,0.87762356,0.92014724,0.85009634,0.81539553,0.9080014,0.8118434,0.93941534,0.9202026
1.1158972,1.1241187,1.1531818,1.1266482,1.1608106,1.1338356,1.1824329,1.1375012,1.0392891,0.9898132,1.0477074,0.99326974,1.2765591,1.2478322,1.0930861,1.070742,1.2604811,1.2695124,1.1790361,1.2332358,0.99653316,0.9903917,0.9959379,1.0085659,1.1022917,1.123695,1.3798816,1.4168684,1.2564274,1.2393684,1.2611659,1.1896684,1.0575372,1.0379064,0.992022,1.0022147,1.045541,1.0522914,0.91929823,0.93766946,1.4198803,1.3930758,1.1203454,1.1004615,0.8845659,0.92386174,0.874033,0.8652716,0.8807731,0.8724186,0.8855408,0.8807378
1.088449,1.0912024,1.1063385,1.1032944,1.1477319,1.144514,1.1199645,1.1144735,1.0656843,1.0523791,1.0746531,1.0701027,1.2495388,1.2706349,1.0137305,0.9865458,1.1765218,1.2172148,1.1399578,1.1663725,1.0280228,1.0180236,1.0121067,1.0112749,1.1010821,1.078017,1.342334,1.412493,1.2444117,1.2242006,1.2245946,1.3089881,1.0422981,1.0495167,1.1644633,1.1544131,1.0191915,1.0075222,0.8828663,0.87920076,1.2055596,1.1915351,0.94213426,0.93562156,0.83192873,0.9075401,0.8518503,0.84698564,0.9156298,0.89140874,0.8481057,0.8500933
1.1295923,1.1165842,1.1039253,1.0991027,1.1853226,1.1928024,1.1002861,1.1076272,1.0677024,1.0624832,1.0692923,1.0375291,1.226885,1.2119066,1.0625255,1.0421858,1.1960012,1.1901132,1.1448348,1.1460223,0.99061114,0.97032195,0.9960813,0.9143964,1.1678789,1.063601,1.4157019,1.5075344,1.29038,1.2663141,1.2378716,1.2969121,1.0453402,1.0534846,1.0856941,1.0442346,1.0866075,1.0749199,0.9785995,0.9474158,1.301361,1.273016,1.0790472,1.1017957,0.8767292,0.9116429,0.8801637,0.82606125,0.8501484,0.8156004,0.880271,0.8931004
1.1117619,1.1360059,1.175679,1.18696,1.208251,1.2564542,1.1217936,1.1582152,1.1617259,1.2510164,1.1257856,1.1521513,1.3185296,1.308313,1.018915,0.95582026,1.2145133,1.2655296,1.1798263,1.1571285,1.0280929,1.0666463,1.0209146,1.0177487,1.2102306,1.2158574,1.4151077,1.4920347,1.3105034,1.3322436,1.3070796,1.3295362,1.0454392,1.0939876,1.099071,1.0797611,1.1494964,1.1610315,0.9245416,0.9121968,1.4486301,1.4276656,1.1427315,1.1755443,0.91905916,0.9257727,0.9051365,0.85971206,0.87002,0.8294026,0.98009473,0.9774729
1.1983497,1.2072008,1.1851525,1.2343448,1.2935882,1.2770334,1.2005063,1.1572807,1.1751618,1.1457726,1.1609223,1.1565638,1.3349875,1.3614388,1.1067225,1.113298,1.2296706,1.2551727,1.303838,1.2847041,1.1036277,1.0922624,1.0578889,1.0719767,1.1448423,1.1302311,1.3666041,1.4715797,1.2459857,1.2710606,1.2468797,1.3575877,1.1639307,1.1204544,1.0589181,1.0719438,1.1088812,1.1160704,1.0667636,1.0745312,1.450017,1.4631752,1.1484445,1.1511649,0.9182276,0.9255865,0.93110764,0.91401345,0.94257027,0.94088334,0.9793078,0.9780181
1.5057688,1.5004315,1.3880566,1.3502759,1.5757385,1.6003678,1.3440077,1.3643662,1.281341,1.2991494,1.4160354,1.3699777,1.6446241,1.6140531,1.3598738,1.319791,1.5841893,1.6069311,1.550564,1.566733,1.2713057,1.2837317,1.2302693,1.2389917,1.3762813,1.3555101,1.5228187,1.7172472,1.4942409,1.5280071,1.5631963,1.6255468,1.262367,1.2498235,1.30193,1.3124235,1.2803222,1.2607301,1.1806746,1.1752161,1.6084939,1.5613376,1.2175779,1.2118607,0.92909527,0.9290136,0.9775316,0.93177414,0.94297,0.9116564,1.0035717,1.0020632
1.3495119,1.3828821,1.4671918,1.4500722,1.4880853,1.486205,1.2067428,1.2151198,1.292473,1.2796648,1.3670186,1.3381474,1.5205865,1.587101,1.2559086,1.1645691,1.2917932,1.3410902,1.4486104,1.5320014,1.3078853,1.2679065,1.3219147,1.2780477,1.3739352,1.3818448,1.7543688,1.9417397,1.6191561,1.6593287,1.4806222,1.6491804,1.2893176,1.3216753,1.212774,1.2023355,1.2165912,1.2813683,1.1214135,1.1384419,1.6249746,1.6187574,1.2644421,1.2819769,0.9176784,0.9491144,1.1085844,1.1000725,1.04431,1.0382093,0.97623056,0.97880554
1.1704552,1.2018858,1.1896673,1.1974866,1.2125539,1.2548863,1.2157232,1.2206957,1.0788363,1.1543529,1.1588423,1.1722952,1.3998035,1.3772124,1.0645379,1.0591433,1.2399733,1.2705387,1.1913382,1.2374295,1.028735,1.061855,1.045036,1.0387691,1.1559188,1.1637771,1.5263586,1.6026156,1.2975973,1.2950485,1.2835932,1.2947044,1.1093225,1.1569252,1.1096233,1.100725,1.0602958,1.1109152,0.9912862,1.0323797,1.3827207,1.400968,1.0905824,1.1141244,0.87006855,0.9107915,0.89467824,0.91384727,0.90052074,0.92852545,0.86050856,0.8631242
1.4480454,1.49807,1.4165027,1.4551687,1.484176,1.4938889,1.3847098,1.3597192,1.2912971,1.3004675,1.3691592,1.3689804,1.6665171,1.6501861,1.4498321,1.388037,1.5035493,1.4938015,1.4457405,1.5196556,1.2600604,1.2444396,1.2361243,1.2329355,1.2754482,1.307227,1.7995924,1.9056656,1.621489,1.6066843,1.5786166,1.5325761,1.3346436,1.3838428,1.1127157,1.1042942,1.3272532,1.4009182,1.2598795,1.3004897,1.6992061,1.7488387,1.2506946,1.3205976,0.94840246,0.943524,1.0484933,1.0758228,0.9811842,1.0018268,1.0469579,1.074934
1.149916,1.1172879,1.1616546,1.1641508,1.2063969,1.184948,1.1239177,1.0788721,1.1141185,1.055902,1.0764499,1.0840995,1.2496762,1.2235914,1.1085775,1.0015615,1.1453156,1.1405509,1.186241,1.2095068,1.082621,1.0655934,1.1091204,1.1190485,1.0867954,1.1889975,1.4087551,1.5638102,1.326113,1.3804059,1.3507645,1.348326,1.120156,1.0525771,1.0362635,1.0223609,1.0675328,1.0513269,0.9425618,0.9108741,1.3361452,1.3216908,1.0680052,1.0561655,0.84127885,0.91608906,0.90872777,0.95353985,0.8947911,0.9292367,0.8958118,0.91191757
1.2707386,1.2652482,1.2699715,1.2782816,1.3053944,1.3072916,1.2301431,1.2131286,1.1471329,1.1772287,1.2037386,1.216953,1.351349,1.3440051,1.1463703,1.1308376,1.3081588,1.3212035,1.2387034,1.232462,1.1574908,1.172461,1.1706543,1.1858851,1.2772939,1.2955501,1.4047018,1.5287042,1.3628505,1.3864123,1.3543922,1.4443113,1.1578065,1.1567018,1.1489673,1.1479652,1.1615481,1.1703206,0.9666454,0.9675968,1.4515378,1.4470118,1.1022497,1.1121174,0.93102753,0.9376835,0.9975488,0.98891854,0.9365283,0.939609,0.9457176,0.959662
1.29883,1.3306209,1.3184433,1.3311813,1.329313,1.4308615,1.2490553,1.2823654,1.1691028,1.255234,1.2824976,1.3418695,1.5646484,1.5628062,1.1964965,1.1776503,1.426071,1.5234637,1.4154961,1.4624174,1.1510224,1.24664,1.0835693,1.1155788,1.2262762,1.2704515,1.4239621,1.5343834,1.3332204,1.3851777,1.3620175,1.4137851,1.2067008,1.2976592,1.1503403,1.1697571,1.1738857,1.1983358,1.2025421,1.2267324,1.5171565,1.5470799,1.0873135,1.1289256,0.91378695,0.93186826,0.9574188,0.9865936,0.9120657,0.9087055,0.9631981,0.9476353
1.1814798,1.1926968,1.1861372,1.1830041,1.2954676,1.2524332,1.1091365,1.0914735,1.1674424,1.1348176,1.2050381,1.1466137,1.347532,1.3534957,1.1211884,1.0814736,1.1811762,1.1975007,1.1641122,1.1509159,1.0979099,1.0583907,1.0793718,1.0531241,1.1097358,1.0764418,1.4372123,1.5356197,1.3468605,1.3280864,1.2616835,1.2826475,1.1992064,1.1703051,1.1241946,1.100269,1.0480614,1.1059533,0.8990717,0.92216617,1.418474,1.3807077,1.061239,1.0485224,0.8677531,0.9247621,0.90699446,0.92750865,0.9138863,0.89491886,0.8615783,0.86887676
1.4857183,1.4659176,1.3398404,1.3406115,1.5362346,1.5096676,1.5465723,1.5547493,1.4090087,1.453391,1.4618022,1.456102,1.66056,1.6213868,1.3362013,1.3244061,1.5594949,1.610757,1.3854457,1.4622542,1.1988881,1.1787006,1.1461765,1.1504712,1.285598,1.3033996,1.5625514,1.5806768,1.392487,1.4476111,1.4693636,1.5015239,1.2389386,1.2661785,1.2311571,1.2125639,1.1188422,1.170602,0.9281746,0.99245876,1.4811898,1.5122615,1.0764239,1.108127,0.89724964,0.9273605,0.9628293,0.9764046,0.889664,0.9259991,0.93558216,0.9581715
1.4325516,1.4233606,1.3798715,1.3744838,1.4816307,1.4648558,1.3425184,1.3210433,1.3155888,1.3058197,1.4031227,1.3594413,1.5881063,1.5446563,1.1833555,1.1476861,1.4366134,1.4643264,1.5110298,1.5281761,1.2758168,1.2688557,1.2179458,1.1675788,1.4468986,1.3743035,1.7238135,1.6089216,1.532405,1.4594744,1.5146034,1.5070232,1.2493873,1.234435,1.1209284,1.116621,1.2212504,1.2020131,1.1320083,1.1194123,1.4786557,1.4799702,1.0828805,1.1148249,0.92200536,0.92972124,0.96387255,0.9430468,0.8932702,0.9021846,0.96586233,0.9601834
1.3101217,1.3038403,1.286224,1.272894,1.3737401,1.3596948,1.2881144,1.2729564,1.2182349,1.1924242,1.3211756,1.3163334,1.5082549,1.5044587,1.1686912,1.1422434,1.4318379,1.4568837,1.3795971,1.4022843,1.2034973,1.1993192,1.1561517,1.1432552,1.3950341,1.3667681,1.6173736,1.7036731,1.4750048,1.4431146,1.4449285,1.4693003,1.1806883,1.1938293,1.1690224,1.138693,1.2289343,1.2532687,1.1769824,1.1620852,1.4626532,1.4925779,1.1327587,1.1201156,0.90167683,0.9258459,1.0200557,0.9987065,0.94957334,0.93315995,0.97667956,0.96914774
1.3604827,1.3446344,1.357239,1.3566172,1.4085069,1.3814,1.2526945,1.2469348,1.2788968,1.2471231,1.3392107,1.3173944,1.5403966,1.5315422,1.290004,1.2807935,1.4808843,1.4628416,1.4455124,1.5057847,1.2523286,1.2303504,1.2023315,1.2173759,1.2849004,1.2974805,1.5382451,1.6007755,1.4448926,1.418562,1.5207195,1.4732367,1.2278159,1.2293103,1.1536285,1.1408958,1.1487137,1.1375631,1.1465305,1.142393,1.3763753,1.3669013,1.0111371,1.0167131,0.9000219,0.9406911,1.0175266,1.0001674,0.95079726,0.9445831,0.9492665,0.92780143
1.3094052,1.3187622,1.2209762,1.2341324,1.3328604,1.3231137,1.4151762,1.3176049,1.2062894,1.224921,1.2694124,1.254099,1.516014,1.5062237,1.1887027,1.1634912,1.4376985,1.3746932,1.3893025,1.3963273,1.1323011,1.1141518,1.1191175,1.0780181,1.2691715,1.280113,1.6585747,1.797657,1.451394,1.4439017,1.3744965,1.504465,1.17835,1.1612953,1.1297994,1.1034545,1.2643471,1.2807896,1.149543,1.1351969,1.4356203,1.4363213,1.1276675,1.1192174,0.9118455,0.92056185,0.96521264,0.9451352,0.88662857,0.8781812,1.0154228,1.0026371
1.3471973,1.3563164,1.3121891,1.3220367,1.4004809,1.3773214,1.3385109,1.3655668,1.2904954,1.2438623,1.3685085,1.2919958,1.5552958,1.548991,1.2668804,1.2202623,1.4314128,1.4520726,1.4126204,1.4115078,1.1979278,1.1349156,1.1290956,1.1167088,1.4218591,1.3563485,1.9039884,1.98274,1.5942262,1.5277148,1.6308085,1.6747295,1.2202809,1.198839,1.1835591,1.1580168,1.2058529,1.2177022,1.045384,1.032636,1.5183139,1.4930531,1.1338094,1.1292118,0.9201073,0.9312696,0.97470933,0.9512797,0.9011084,0.9243502,1.0028856,1.0138878
1.209215,1.189201,1.1620592,1.1647638,1.3247228,1.2534958,1.1952764,1.2157791,1.1546836,1.1309066,1.2296956,1.2099357,1.3834296,1.3599752,1.0608573,1.0394121,1.2565405,1.314973,1.2534977,1.3167126,1.1390781,1.1121473,1.0635217,1.0355419,1.2807688,1.2723767,1.2887225,1.3820668,1.2635012,1.2658067,1.310533,1.3280419,1.1223717,1.0725595,1.0549684,1.0600139,1.0670841,1.084707,1.0828661,1.0830841,1.3772532,1.3531502,0.9953192,0.9983018,0.86722904,0.91025156,0.85036165,0.851327,0.83844376,0.83429015,0.8672935,0.86266613
1.2934988,1.285867,1.3108016,1.314462,1.3467768,1.3290824,1.3194978,1.2481207,1.207928,1.1510063,1.2677593,1.2377137,1.5304896,1.4274521,1.1988977,1.1086847,1.3728799,1.3497214,1.3141694,1.2990704,1.1854501,1.1615415,1.1551516,1.1107466,1.381141,1.3929328,1.5675577,1.6513127,1.4559305,1.4379257,1.489587,1.5186659,1.2210397,1.2170054,1.0514034,1.0346138,1.1142787,1.1161441,1.0483353,1.000531,1.5740858,1.530894,1.0950699,1.0781659,0.84078026,0.9000144,0.93819004,0.9180119,0.92246443,0.89574397,0.8820916,0.88499475
1.2885494,1.3530923,1.323391,1.408824,1.3775504,1.4264386,1.2387948,1.2475246,1.2080888,1.2035367,1.3346176,1.2629498,1.5312543,1.5118878,1.0812888,1.0782661,1.3824278,1.4282222,1.3583165,1.382868,1.1188086,1.1225961,1.1169949,1.1080319,1.4214003,1.3571812,1.9616915,2.0060446,1.6004058,1.6123732,1.7259135,1.6757088,1.1887347,1.2153795,1.1753681,1.1525224,1.1608548,1.1896164,0.9850768,1.0113264,1.5530218,1.5788931,1.123665,1.1438409,0.85934585,0.90764934,0.8880155,0.8947895,0.8808176,0.91139543,0.91238886,0.9401835
1.3197924,1.3415273,1.2374265,1.2175549,1.408316,1.414453,1.252883,1.285176,1.3052163,1.2705544,1.3699393,1.341773,1.5433757,1.5167923,1.1844387,1.163109,1.3858463,1.4357432,1.3198516,1.3161079,1.1940129,1.1766515,1.1324643,1.1217804,1.3965102,1.3886178,1.7703424,1.7728829,1.4832524,1.4832581,1.5622748,1.501089,1.2126397,1.2072986,1.238752,1.235307,1.2187175,1.2219088,1.1246182,1.1281614,1.4647963,1.4769524,1.0918534,1.1085327,0.9590331,0.9463618,0.9534815,0.9390603,0.9319606,0.91003263,0.9558267,0.93748885
1.3541363,1.3701613,1.3280052,1.3314469,1.4346966,1.4353969,1.3217458,1.3163403,1.2914239,1.269563,1.415357,1.3500038,1.5159723,1.5340035,1.2698381,1.1980113,1.3876251,1.376769,1.348682,1.3889631,1.2977037,1.2304376,1.2588208,1.2115355,1.5154194,1.4584705,1.6794362,1.7196587,1.5533403,1.530106,1.5656685,1.5603954,1.2800512,1.2736452,1.2296196,1.1808465,1.1536205,1.1584989,1.1103632,1.0826441,1.5421693,1.5221161,1.1167961,1.1343358,0.95857525,0.9458322,1.0529971,1.0315065,0.98176235,0.9499015,0.962903,0.9829196
1.4377877,1.4559118,1.304884,1.3194281,1.5015659,1.530602,1.2617425,1.2927735,1.3270053,1.3574759,1.3787453,1.3482232,1.4968787,1.4886931,1.2343171,1.2563822,1.4507285,1.4748396,1.4072715,1.4244735,1.2754834,1.2757218,1.195279,1.165355,1.4719601,1.4223064,1.721887,1.8643515,1.5060711,1.5033115,1.4810873,1.508702,1.2861352,1.3034565,1.2105529,1.1938037,1.2744215,1.2953103,1.271704,1.2843016,1.5365231,1.5673982,1.073964,1.1089282,0.9649162,0.9439987,1.0078375,0.98471296,0.9863071,0.99869037,0.9837728,1.0168475
1.3558928,1.3211083,1.2633538,1.2535954,1.4689574,1.458314,1.3620615,1.3626872,1.3737988,1.3754777,1.3112816,1.2954721,1.5061398,1.4809543,1.2039855,1.1737548,1.3886606,1.4033029,1.3598887,1.3917841,1.1470399,1.1470816,1.1457782,1.1617202,1.3686641,1.3789123,1.787424,1.8098089,1.4911808,1.4559331,1.5241045,1.467883,1.2132844,1.1981428,1.1672499,1.1597412,1.2608382,1.270944,1.057954,1.0582895,1.5171266,1.5204712,1.1056637,1.1416684,0.96515954,0.93006504,0.98916024,0.9606243,0.9392396,0.95866954,1.0371445,1.030452
1.3278887,1.2783854,1.1916876,1.2154845,1.378744,1.375889,1.2855455,1.290469,1.2145244,1.2307286,1.2772926,1.2408817,1.4908222,1.4514602,1.2005738,1.1296158,1.3569187,1.3449292,1.3915817,1.3502357,1.1404414,1.1378632,1.1135892,1.1276505,1.4015409,1.3434731,1.9798913,1.9653314,1.6406181,1.6266644,1.48781,1.5462604,1.1359197,1.1505466,1.1599323,1.189509,1.2382412,1.2794391,1.0181485,0.98013353,1.4158702,1.4252188,1.1037548,1.084809,0.9008419,0.90396774,0.93873733,0.9738937,0.85035586,0.88322645,0.97514135,1.0003102
1.4822949,1.4886417,1.3718818,1.3982308,1.5175052,1.5545822,1.3307867,1.3288835,1.34917,1.3969406,1.3486276,1.3762735,1.5490773,1.5507889,1.3880025,1.3691438,1.5339568,1.5263141,1.3822194,1.4595319,1.2873033,1.3363245,1.2699723,1.265121,1.365667,1.3725686,1.8094089,1.8511217,1.6477768,1.6661326,1.6327997,1.5671228,1.3749889,1.3827527,1.25674,1.2089059,1.2086957,1.2429017,1.3127837,1.3149973,1.5499798,1.5817444,1.1975131,1.1982673,0.9230319,0.95190233,1.116339,1.11358,1.0631416,1.1045982,0.994349,0.9864008
1.41322,1.4204462,1.378692,1.3893588,1.4429516,1.4919404,1.3912443,1.4244305,1.2991984,1.3389823,1.4908714,1.4596856,1.6824551,1.6823167,1.2775185,1.247286,1.5332458,1.5674292,1.530146,1.4924443,1.3020177,1.306685,1.2242622,1.2411802,1.390254,1.4158405,1.6440619,1.7233281,1.6113083,1.579404,1.6632698,1.7505437,1.2378774,1.2530518,1.3449389,1.343359,1.2756426,1.2793124,1.1073462,1.106273,1.5780464,1.5390168,1.1361959,1.14036,0.91566145,0.9309968,1.0249531,1.0033917,0.95934594,1.0072707,0.9821647,0.9670446
1.2467033,1.2488743,1.1950535,1.1910322,1.323376,1.3173105,1.2641929,1.2967912,1.2864097,1.2537363,1.29926,1.3027401,1.522873,1.5045158,1.0617341,1.037945,1.371272,1.4336642,1.2372686,1.3119227,1.1182423,1.1102993,1.0737841,1.0564961,1.392796,1.3636645,1.8247304,1.8103874,1.4918818,1.4847924,1.5556734,1.4827818,1.0893714,1.1051915,1.1314497,1.1370366,1.114852,1.115086,0.97554654,0.99980253,1.4248439,1.438097,1.0311061,1.0137019,0.86657745,0.92069924,0.8448233,0.8227529,0.8199197,0.81225926,0.86526275,0.8394258
1.3452648,1.3567853,1.3244514,1.3496175,1.4210192,1.4750049,1.3685067,1.3656694,1.2482455,1.303221,1.4131452,1.4010173,1.6547279,1.6317822,1.2418649,1.1960932,1.4381149,1.4740133,1.4407191,1.4690967,1.2322199,1.2506577,1.2223704,1.2488528,1.4203461,1.4863566,1.7112584,1.8926125,1.5609678,1.570431,1.6684159,1.6836827,1.1908119,1.2118151,1.2577109,1.2622993,1.3066137,1.3061668,1.117662,1.1202984,1.6303985,1.6234106,1.2108251,1.203001,0.94341946,0.9510235,0.9837293,0.9862323,0.9588847,0.9341208,0.9622544,0.9920519
1.2625226,1.2805743,1.2986766,1.294869,1.4338253,1.3939102,1.2912755,1.270487,1.2958878,1.2696286,1.3282453,1.2845688,1.5888469,1.5803394,1.2468357,1.2275959,1.4383725,1.4016919,1.4974656,1.455772,1.2613075,1.2179087,1.2164855,1.2158929,1.257926,1.2432175,1.6097196,1.6343787,1.4291751,1.4109346,1.4807299,1.5018449,1.3301126,1.2981688,1.085663,1.0874858,1.2373307,1.2319915,1.0276506,1.009086,1.5323666,1.4947791,1.2222183,1.2011433,0.94536364,0.941131,1.0369724,1.0037813,1.0271096,1.0120993,1.0449951,1.0255908
1.0996633,1.143108,1.1109244,1.1406857,1.2013136,1.2177835,1.2905097,1.3671961,1.2127762,1.1929338,1.2193769,1.2177467,1.5411067,1.5620081,0.96556413,1.0080259,1.3936818,1.4834452,1.1852161,1.3070197,1.0744238,1.053467,1.0881693,1.1044227,1.2380583,1.2429557,1.5083243,1.6412078,1.3726505,1.3834891,1.360706,1.4469929,1.1147635,1.026398,1.0190902,0.9985914,1.0243579,1.0622454,0.71624243,0.79307556,1.3196068,1.3723612,1.1084702,1.1975118,0.8197313,0.88919103,0.93601143,0.93136525,0.87777686,0.9124471,0.88792807,0.9239764
1.2492145,1.2747276,1.2250631,1.2267973,1.3269067,1.3756894,1.2810984,1.2758538,1.21923,1.2364155,1.2718406,1.2868718,1.5457028,1.5500757,1.1014422,1.0774393,1.3853291,1.415198,1.2667922,1.3398658,1.1463839,1.1793312,1.1386485,1.1849145,1.3202151,1.3815917,1.691345,1.7553159,1.4365003,1.4696695,1.417023,1.4579542,1.1718264,1.1957989,1.0925472,1.0834601,1.1699004,1.2092127,0.9569775,0.9993072,1.4469821,1.4500228,1.0852365,1.0653448,0.8337668,0.9065031,0.9289679,0.9196866,0.8983613,0.8909029,0.92660075,0.89317966
1.3916229,1.3898408,1.3000605,1.3186047,1.4019129,1.4771203,1.4039092,1.3830339,1.2164502,1.2943662,1.2988094,1.322265,1.5664105,1.5281851,1.2975948,1.2167345,1.5267975,1.5873648,1.450791,1.4456433,1.1521717,1.2133192,1.1626626,1.1738904,1.365084,1.3187469,1.6771852,1.7888464,1.5258257,1.5707651,1.5306079,1.5138729,1.2207463,1.2812669,1.0518304,1.0772425,1.2252008,1.2320554,1.2437122,1.232242,1.5475541,1.5879648,1.0714792,1.1196402,0.8901517,0.9357391,1.0021143,1.0120071,0.94290483,0.9634371,0.92796975,0.9214846
1.2372931,1.2245516,1.1925215,1.2049938,1.2731707,1.2462634,1.2131016,1.2112682,1.1270341,1.14446,1.1243119,1.1071032,1.234174,1.271571,1.2227002,1.1801326,1.2636513,1.2655646,1.1918908,1.1892883,1.1620783,1.1382585,1.1385832,1.1064223,1.2064459,1.2043687,1.4872689,1.5874406,1.3648092,1.3293408,1.3339144,1.3630147,1.2056812,1.1919318,1.1812112,1.1691903,1.1156962,1.1478251,1.1182181,1.111903,1.3504888,1.3298293,1.0840391,1.0771536,0.97418416,0.9714902,1.0735613,1.053134,1.1008323,1.0618644,0.99554616,0.9938105
1.5806093,1.5719475,1.4532824,1.4456576,1.624054,1.6358685,1.5840144,1.556853,1.3840947,1.3932011,1.4564737,1.4194576,1.660824,1.632126,1.371205,1.3531765,1.611241,1.6756262,1.529756,1.5854979,1.3635682,1.3415117,1.277015,1.2667958,1.4132032,1.3851662,1.899151,1.9986354,1.6698403,1.6774968,1.6657434,1.555827,1.3644825,1.3389446,1.2447429,1.2305108,1.3180692,1.3063062,1.3163136,1.308906,1.7289329,1.7154434,1.1690017,1.1872742,0.91543186,0.93343407,1.029843,0.9777165,0.9922521,1.00118,0.9958891,0.98431855
1.4303693,1.4349002,1.3368752,1.3521202,1.4655899,1.4694521,1.4045507,1.3538009,1.2522657,1.2596676,1.305305,1.2975937,1.5633222,1.5449837,1.2832916,1.2094107,1.4250894,1.399649,1.413659,1.4205215,1.2231225,1.2071418,1.200779,1.1774707,1.4135901,1.3564328,1.7556032,1.8564538,1.6037185,1.476329,1.4800088,1.5712607,1.2232765,1.2229763,1.1894329,1.1938095,1.2770972,1.2687553,1.2338223,1.2348675,1.5072036,1.4584873,1.0342771,1.0515891,0.8681847,0.9338407,1.0038694,0.9927902,1.0013965,0.9662302,0.91827655,0.9199312
1.4121196,1.4026678,1.3154479,1.3090109,1.4681674,1.4425628,1.326327,1.326229,1.2528375,1.2779411,1.344183,1.3248026,1.5531843,1.5271337,1.1884844,1.1467679,1.4055086,1.4490907,1.4035448,1.4770665,1.2218738,1.2026476,1.2022485,1.190321,1.3990858,1.4161464,1.5484154,1.6561079,1.4424636,1.4461874,1.4528253,1.4682322,1.1776081,1.1502694,1.2055045,1.1735189,1.1476356,1.1699307,1.1326,1.1381456,1.5159776,1.4921635,1.0358183,1.0428454,0.9122038,0.93053615,0.953173,0.9530543,0.9036751,0.9027581,0.9298461,0.9145068
1.2288148,1.2250531,1.1804686,1.177513,1.3120147,1.3079002,1.190023,1.221445,1.1726223,1.1823767,1.283883,1.2959045,1.4414587,1.445545,1.0834045,1.043463,1.3182671,1.3771232,1.3314121,1.4074975,1.1476133,1.1563542,1.0988201,1.1123968,1.2870376,1.2886868,1.4620309,1.5610898,1.3547977,1.3445755,1.4042127,1.4399915,1.1415721,1.1340159,1.0819396,1.067303,1.1409421,1.1547811,1.0802006,1.0790101,1.3149011,1.3230933,0.97539955,0.9828293,0.8835508,0.9158125,0.92012256,0.9137049,0.8614722,0.82602614,0.9233438,0.9126128
1.3933705,1.3616012,1.2931018,1.3016517,1.3972373,1.399762,1.4017994,1.4540675,1.2568287,1.2412293,1.363142,1.3968474,1.5833012,1.5642344,1.1327882,1.0989677,1.3865087,1.4718189,1.3945153,1.3912528,1.1996988,1.211932,1.1716208,1.1523541,1.3352207,1.324737,1.4427208,1.5390891,1.3843791,1.3786476,1.4475714,1.4524443,1.167804,1.1610245,1.1350251,1.147106,1.1037693,1.1180282,0.9821249,0.9808784,1.5142841,1.4737244,1.1090697,1.1045892,0.85588115,0.92259854,0.99182963,0.98291606,0.9791604,0.98747146,0.87039715,0.8604564
1.4148065,1.4305695,1.3251611,1.3193494,1.474867,1.4907691,1.4763479,1.4065961,1.3409667,1.3768508,1.4007632,1.3862414,1.6428282,1.628002,1.2445602,1.1731192,1.4994425,1.5063101,1.5347397,1.5428073,1.266735,1.265654,1.2157842,1.2053169,1.3337208,1.3051455,1.5651758,1.625359,1.4175398,1.3634086,1.4746891,1.5071265,1.2266402,1.1890392,1.2703501,1.2373967,1.2612436,1.2798318,1.1711807,1.1835276,1.5773867,1.5875032,1.1239712,1.1409266,0.95833755,0.9496427,0.9926911,1.0195112,0.966398,0.9812041,0.96933997,0.95406324
1.2322226,1.2043071,1.2419908,1.2242992,1.3304166,1.3612716,1.1706152,1.1474035,1.203003,1.2709811,1.2712061,1.309178,1.4786626,1.4821479,1.0064267,0.99801123,1.3627928,1.403723,1.4278792,1.435808,1.1528722,1.1917082,1.1342847,1.1608956,1.3592756,1.3886193,1.5747113,1.6643326,1.4466586,1.4481584,1.5092279,1.5137666,1.1444911,1.1713401,1.1688942,1.1580353,1.1477953,1.1847881,1.0246818,1.0239775,1.477425,1.4585786,1.0712018,1.0551958,0.9083327,0.93863624,0.92776823,0.95294327,0.94526976,0.9578325,0.9286646,0.94200796
1.7815772,1.7266041,1.5680332,1.5713514,1.8235853,1.8494998,1.6692426,1.6604472,1.5934523,1.5757543,1.7249905,1.7268983,2.0018766,1.9688692,1.577798,1.4655356,1.8061099,1.8299382,1.825049,1.8277938,1.4902599,1.4548825,1.3699205,1.3605033,1.5838965,1.6068497,2.001004,2.001393,1.7478455,1.682888,1.7711909,1.7697642,1.4813161,1.5073775,1.2488331,1.2332292,1.3793523,1.3698996,1.5357522,1.4800216,1.7953784,1.7684021,1.2095184,1.2118455,0.9367443,0.9554449,1.1490189,1.1578075,1.053307,1.0385303,1.063108,1.06616
1.3710412,1.3594992,1.2760915,1.2767658,1.4066403,1.383894,1.3738428,1.3359207,1.280565,1.2565384,1.3411163,1.3215302,1.4849885,1.4857658,1.1945767,1.169434,1.4102405,1.4106576,1.3364602,1.3915839,1.1873422,1.1864837,1.1504161,1.1650057,1.3692734,1.3637158,1.634849,1.6317871,1.4311315,1.3293736,1.3903917,1.3082027,1.2080424,1.1989812,1.215676,1.1983438,1.1949424,1.1978192,1.1980938,1.1674145,1.6032554,1.5760162,1.0658894,1.0847521,0.88509685,0.9424576,1.0228275,1.0312787,0.98655003,0.97398776,0.88093835,0.87983274
1.3464842,1.3166312,1.2777214,1.2719847,1.4315262,1.4055408,1.2806445,1.2857479,1.2441224,1.2228832,1.3158131,1.2877011,1.4808279,1.463379,1.108418,1.0917057,1.3244709,1.3710363,1.3463914,1.3780785,1.183728,1.1583561,1.1371623,1.1496994,1.3512064,1.3027157,1.4959092,1.5546602,1.3762287,1.32211,1.4176431,1.3881598,1.1724619,1.1235595,1.082439,1.069323,1.1211017,1.1466289,1.0017132,1.0371445,1.5192984,1.4960729,1.1111925,1.125148,0.8915927,0.9120984,0.9242325,0.92042106,0.905004,0.9129947,0.8998945,0.9042088
1.4755559,1.4577491,1.3802142,1.3459858,1.5822009,1.5634812,1.370071,1.350699,1.3585478,1.3525946,1.5440389,1.4920048,1.7016518,1.680692,1.2934806,1.2492692,1.6097429,1.6148823,1.6373024,1.6269495,1.2662716,1.266902,1.2012526,1.2187366,1.4013128,1.3890836,1.9175757,2.0185678,1.4912635,1.4599048,1.6068021,1.596891,1.3297985,1.2974497,1.1471123,1.1325955,1.2646171,1.2668049,1.270936,1.1545305,1.5694363,1.5016133,0.9464195,0.92887205,0.8854426,0.93688893,1.0218056,1.0112343,0.9550065,0.93453413,0.8930604,0.90411305
1.246467,1.2555195,1.2061336,1.2140371,1.3610193,1.3913759,1.1090746,1.1202755,1.1797054,1.237854,1.2960539,1.3266802,1.3447255,1.3641701,1.0888276,1.0614681,1.1971682,1.2364647,1.2368509,1.2526364,1.1656189,1.1850958,1.092531,1.1097457,1.3052053,1.3234764,1.511195,1.5150627,1.3004013,1.3230592,1.3697388,1.407869,1.1711367,1.1992418,1.1135758,1.0954995,1.1209246,1.1338856,1.188546,1.1837248,1.4658803,1.4755605,0.9653937,1.000342,0.8173997,0.91364634,0.96028346,0.9413728,0.9320118,0.9012448,0.8680148,0.8642039
1.2686117,1.2913736,1.2129422,1.2631726,1.3474562,1.3463854,1.2002972,1.1867357,1.2396219,1.2624596,1.2488543,1.2684858,1.3499097,1.3703488,1.1618074,1.0430174,1.2523636,1.2700865,1.2919655,1.3309555,1.1644433,1.1573671,1.0932752,1.0960838,1.2938391,1.2680914,1.6900477,1.76085,1.4027959,1.3848207,1.4086273,1.453479,1.1241841,1.1328028,1.1168716,1.10184,1.2115574,1.2200518,1.0613705,1.0611234,1.5408746,1.5342994,1.0520982,1.0732889,0.8308419,0.9123306,0.97282624,0.96990377,0.8925516,0.9013096,0.91287553,0.9093374
1.3817859,1.390809,1.2616018,1.2488056,1.4437367,1.4243606,1.3518146,1.3380251,1.2719914,1.2903793,1.3281919,1.3292595,1.4600624,1.4902899,1.2309382,1.1337767,1.4085231,1.4466807,1.4089437,1.4268299,1.2099705,1.1928571,1.1768953,1.1688889,1.304426,1.2991989,1.5637116,1.6444936,1.4410436,1.3716302,1.377739,1.403036,1.2024552,1.1622919,1.1115494,1.0902579,1.0829226,1.0988572,1.1387751,1.1435591,1.3625581,1.3547727,0.9177958,0.95153576,0.8589722,0.92395437,0.9504971,0.9265296,0.8845593,0.88519883,0.85671043,0.88638556
1.5906311,1.5765473,1.4180173,1.4184682,1.6058884,1.6493673,1.453846,1.4870148,1.4803679,1.4796506,1.5615356,1.5625112,1.8617212,1.8262763,1.3344778,1.3120158,1.5999973,1.6517583,1.6194189,1.6956421,1.2944716,1.3068283,1.2145096,1.185206,1.3945159,1.4210156,1.8572395,1.878622,1.5221406,1.533418,1.6383314,1.6120715,1.3272173,1.3459986,1.2342155,1.2445148,1.309293,1.3256414,1.2985293,1.3257995,1.6603491,1.6276151,1.1501911,1.1727364,0.9077632,0.95056427,1.060961,1.0462817,0.9796284,0.9712622,0.98203874,0.9831063
1.4770725,1.489463,1.4195989,1.4185352,1.4916869,1.5343978,1.4181128,1.3862506,1.3646076,1.3820719,1.405938,1.4610192,1.6557046,1.6570936,1.3562828,1.3209369,1.5157061,1.5486599,1.526344,1.5431366,1.3108759,1.3424665,1.3058904,1.2933853,1.4776821,1.5033276,1.5282317,1.6713867,1.5262892,1.5367496,1.6405772,1.6588302,1.3017977,1.3252767,1.2211573,1.2202564,1.1830771,1.2117358,1.1010772,1.0622088,1.6385678,1.6267235,1.1347312,1.170606,0.9643009,0.9378501,1.060529,1.045097,1.0336838,1.023876,0.98319906,0.9887764
1.1298094,1.1291134,1.2055384,1.1914606,1.256954,1.1657374,1.094957,1.1387802,1.1057636,1.0979382,1.1406444,1.1200633,1.245769,1.215165,1.0400585,0.9852803,1.2119372,1.2615949,1.2005901,1.2426403,1.1047876,1.0438355,1.0607609,1.0399848,1.2520791,1.2346852,1.4174086,1.4385175,1.3367497,1.2572771,1.2724415,1.2286087,1.0700428,1.000806,1.0927488,1.0731831,1.0467365,1.0810516,0.97820073,0.9789442,1.4652896,1.3995963,1.0490507,1.0318309,0.8353146,0.9047073,0.91003036,0.8834108,0.8747848,0.8546889,0.8713885,0.84297115
1.4709754,1.4519784,1.3593982,1.3639691,1.5213466,1.5332568,1.2778635,1.2990692,1.2611128,1.3521107,1.4147335,1.479908,1.5709964,1.542606,1.2852805,1.2051073,1.4129664,1.4304943,1.4400893,1.4162515,1.2790272,1.3223163,1.1871245,1.192853,1.4096172,1.4334791,1.8550471,1.9664415,1.480408,1.4572746,1.5269754,1.5884906,1.2786249,1.2902174,1.1554357,1.1816664,1.1778865,1.2190436,1.1536336,1.1469964,1.5117804,1.5142004,1.1194904,1.0813029,0.89309114,0.9452251,0.98121464,1.005665,0.92469895,0.9476637,0.92887926,0.9514435
1.2674289,1.2554847,1.2644745,1.2667823,1.3387822,1.3751101,1.3123786,1.3034956,1.2766318,1.2798309,1.2707303,1.252418,1.4613847,1.4234374,1.147767,1.0980511,1.3752456,1.3679237,1.2546082,1.3200297,1.1199313,1.1432923,1.091091,1.1074806,1.1475319,1.153845,1.3912623,1.4738473,1.2447116,1.2590632,1.2836574,1.2545986,1.1694658,1.1816685,1.1087865,1.1067051,1.2801229,1.2243139,1.1847627,1.1753587,1.7623796,1.6254398,1.2033908,1.1812636,0.94005656,0.9427901,0.97635704,0.97131014,0.88800436,0.9141008,0.9526033,0.9815624
1.3364697,1.2822491,1.2413683,1.2034069,1.3766533,1.3486042,1.3659359,1.3545728,1.287224,1.2497301,1.3552276,1.3252007,1.5596471,1.4781204,1.0926889,1.0376194,1.3849324,1.3669834,1.3319126,1.3587974,1.2114583,1.1984249,1.1937985,1.1993273,1.3037595,1.3337204,1.4243541,1.4277588,1.3896918,1.3667053,1.4295532,1.3762861,1.1678367,1.1098007,1.0860642,1.0839679,1.1197644,1.1173352,1.0105217,0.98055214,1.421353,1.3811841,1.0307752,1.0031745,0.87348664,0.93294764,0.9895791,0.94510674,0.9217436,0.92373174,0.86329645,0.82678187
1.4704725,1.4865134,1.4119617,1.4045587,1.5520853,1.520455,1.2838117,1.2855436,1.2575468,1.2577192,1.4251181,1.3996869,1.6373862,1.610633,1.3190651,1.354335,1.513411,1.5579909,1.5324488,1.56492,1.3239233,1.291011,1.2140582,1.1826535,1.3749285,1.3604099,1.582728,1.6568352,1.4164838,1.396347,1.430596,1.4919455,1.3289704,1.3012949,1.2240449,1.2116305,1.2129207,1.21878,1.2676406,1.2373054,1.532863,1.5112615,1.0592126,1.0597267,0.8707891,0.92707473,1.0718453,1.051095,0.96516544,0.9662353,0.9432095,0.96210235
1.3977882,1.4126292,1.3240258,1.3541656,1.4449754,1.4762208,1.3884991,1.350303,1.3801122,1.3533151,1.4691765,1.4798249,1.6624495,1.647911,1.2767512,1.2349608,1.5539651,1.485181,1.5751005,1.5974449,1.284472,1.2858369,1.2506927,1.2478263,1.4266065,1.418299,1.5950454,1.5814905,1.4956892,1.4558775,1.5700039,1.5441098,1.2988145,1.2909667,1.1538194,1.1660924,1.2555139,1.2469718,1.1580632,1.1877637,1.6406199,1.6854285,1.1521218,1.1616467,0.89970917,0.9378291,1.0721399,1.0713706,0.9928282,1.0145451,0.93770933,0.9465305
1.2499058,1.2641575,1.3107935,1.3250989,1.3632046,1.3732156,1.2841362,1.2465094,1.213061,1.1788806,1.2831002,1.2628541,1.4648647,1.4500263,1.1552452,1.1404318,1.350435,1.3701738,1.4189895,1.4639019,1.1698296,1.1581504,1.148654,1.1557688,1.3207082,1.3264511,1.6075976,1.5835811,1.4471085,1.3757393,1.4628685,1.4078825,1.1888664,1.1525897,1.2419537,1.2134209,1.2304488,1.2381976,1.2900041,1.3260801,1.6184382,1.5955017,1.1637356,1.1649247,0.9576413,0.9377038,1.0224464,1.0115184,0.9681002,0.96540564,0.9707704,0.94989
1.220881,1.2092249,1.1446114,1.1467814,1.279884,1.2757081,1.2282932,1.2309227,1.1566606,1.1573763,1.2281327,1.2247106,1.3987745,1.3844635,1.0730045,1.0462053,1.315328,1.2867713,1.2584054,1.303772,1.0924746,1.0832323,1.0934314,1.0904665,1.1848719,1.2083235,1.2886515,1.318328,1.2565615,1.2183858,1.3259296,1.3230106,1.0764505,1.0639777,1.1320748,1.1264405,1.1282059,1.13425,0.99101794,0.9844661,1.3534185,1.3289385,1.0043796,1.028937,0.90034467,0.9557546,0.9696691,0.9573392,0.90439725,0.9390498,0.8816185,0.90174437
1.4030288,1.3819228,1.2748071,1.2952713,1.4531409,1.4619856,1.4989158,1.5213246,1.3193574,1.35627,1.2985008,1.3348119,1.5842639,1.5565482,1.1547465,1.1682808,1.4688747,1.531981,1.3663201,1.4200956,1.1556852,1.1809535,1.0915518,1.1252719,1.2933403,1.322513,1.5783536,1.5940692,1.413512,1.3598363,1.4084492,1.440502,1.0857403,1.1354408,1.1494669,1.1532775,1.2041999,1.2297777,0.98480684,0.9867926,1.4743643,1.4637419,1.1161693,1.1537246,0.9387839,0.9373746,0.9350734,0.9570209,0.895718,0.9023434,0.9469061,0.9570222
1.4404398,1.4477423,1.2703834,1.3235276,1.4991574,1.5507556,1.4581507,1.4827962,1.4152998,1.4711411,1.382537,1.4345715,1.5986798,1.6985346,1.2146152,1.1896703,1.4987566,1.5911894,1.4047264,1.6862332,1.2057575,1.2654352,1.1216757,1.2361914,1.2439368,1.4691594,1.7274642,2.009409,1.4953965,1.5650669,1.4793584,1.5924582,1.2069339,1.2092637,1.252797,1.2530015,1.298248,1.3334763,1.0171261,1.1136514,1.6143985,1.6181456,1.1826932,1.2718881,0.9466759,0.93900937,0.92740273,1.0113646,0.869271,0.92249763,1.0019933,1.018362
1.330987,1.350115,1.2467489,1.2832688,1.3673701,1.3956327,1.3865005,1.335033,1.2594126,1.3040116,1.2815577,1.2705678,1.5836728,1.553291,1.1127579,1.0294487,1.4217339,1.423137,1.4234009,1.4330553,1.1481799,1.1549363,1.0822922,1.0689491,1.2818165,1.3215532,1.5692185,1.6229186,1.3431058,1.3543051,1.4092674,1.4316344,1.1236749,1.150276,1.0787034,1.078282,1.0623995,1.0706117,0.9547113,1.0093144,1.4507475,1.4618099,1.0300318,1.0811133,0.8638609,0.9134997,0.91316366,0.8882956,0.88304675,0.80125636,0.8541505,0.8500266
1.3362716,1.330113,1.3118694,1.3495998,1.3748281,1.441271,1.2912625,1.2807207,1.2610302,1.2955122,1.3520762,1.3694944,1.5292144,1.5215833,1.2008939,1.1635987,1.3625755,1.3883669,1.3723403,1.3784565,1.2066344,1.2548478,1.1520875,1.1899304,1.3608601,1.3868738,1.6979388,1.7396867,1.4392288,1.408821,1.5338515,1.5312843,1.1869407,1.2214234,1.0803765,1.0870956,1.2165078,1.2186494,1.0923183,1.0766113,1.4548014,1.4868557,1.0397751,1.0948921,0.9033443,0.928206,0.93977445,0.9572587,0.9382406,0.92530113,0.9327991,0.9554682
1.3443561,1.2945353,1.3216105,1.2967037,1.4092635,1.4415447,1.3603768,1.3138671,1.2142712,1.2902422,1.3068027,1.2934365,1.5092235,1.4453688,1.1359954,1.0842189,1.4457567,1.3719987,1.4453045,1.4060732,1.2419211,1.2612673,1.1667751,1.1825718,1.2992245,1.3131087,1.5445653,1.5528415,1.3767054,1.3260581,1.4602015,1.3673817,1.1937641,1.2323326,1.1877391,1.2033106,1.2622782,1.2840774,0.9812589,0.9969468,1.5790823,1.5598998,1.1342142,1.170005,0.9221003,0.93761235,0.979675,0.9702617,0.93157,0.9173118,0.95164335,0.95168346
1.2854009,1.2922872,1.2442205,1.2472876,1.3310581,1.3716601,1.2167921,1.2434292,1.1306138,1.1485088,1.2969555,1.2661023,1.4551924,1.4587003,1.1578199,1.0947837,1.2662665,1.3004962,1.3984673,1.4036176,1.1650568,1.1534142,1.121459,1.1192532,1.3421885,1.3587109,1.5616388,1.6666443,1.3934942,1.3937159,1.4700196,1.5171084,1.1358323,1.1342705,1.2247348,1.210027,1.2295421,1.202337,1.0404986,1.0226303,1.4625249,1.4659004,1.0490001,1.0881404,0.9069469,0.9406032,0.95482814,0.9529697,0.9102001,0.9110629,0.8718211,0.88468003
1.0914221,1.1142492,1.0583,1.0942835,1.1493995,1.2059003,1.0608636,1.0820869,1.0636213,1.0891528,1.116851,1.1470335,1.2620348,1.2554382,0.9852761,0.93184334,1.1371127,1.1577069,1.1391459,1.184689,1.0022198,1.0474582,0.9948261,1.011314,1.1323711,1.131298,1.3584436,1.4866556,1.1938311,1.2188994,1.1983364,1.2977214,0.986919,1.0003908,1.0955764,1.0869306,1.082298,1.1069542,1.0395577,1.0538288,1.3959777,1.3650186,1.0344752,1.0242101,0.85509497,0.91997373,0.93923604,0.92801076,0.8776213,0.888057,0.8497118,0.8690386
1.2906094,1.271477,1.2186207,1.2027987,1.3244734,1.3095534,1.2581341,1.2145065,1.1712251,1.1612811,1.2691731,1.2356049,1.4132328,1.414835,1.1270177,1.0768536,1.2992587,1.2849233,1.2766775,1.3203381,1.1723417,1.1466223,1.0974674,1.0912038,1.256363,1.2204665,1.3034557,1.3375744,1.2682673,1.250559,1.3301598,1.3476632,1.1130996,1.0965251,1.0567274,1.0421768,1.121529,1.1383084,0.9465286,0.96865326,1.4197315,1.3860768,1.0319017,1.0269585,0.8365953,0.91403675,0.9532705,0.940902,0.8661649,0.88879764,0.8690702,0.87180257
1.3739911,1.3839382,1.3324219,1.3931478,1.4185903,1.4987121,1.3785149,1.35962,1.3315498,1.3645247,1.3659304,1.3963313,1.5131482,1.5664598,1.2203348,1.2111033,1.497796,1.4505337,1.3601936,1.4543495,1.2337723,1.2747334,1.1635425,1.195942,1.3013955,1.3917342,1.5823735,1.6406045,1.4013717,1.4691877,1.4998122,1.5016207,1.213047,1.2525518,1.2129436,1.2097197,1.2499971,1.2753646,1.0686398,1.0263218,1.5911496,1.6366856,1.0824375,1.1351506,0.8975373,0.93634826,0.9039521,0.9466202,0.90369856,0.9080758,0.92190284,0.92057806
1.3044811,1.275046,1.262983,1.2914847,1.3742265,1.3828393,1.1856959,1.2099335,1.1567007,1.1615138,1.2017292,1.2317734,1.4264935,1.4315101,1.1365737,1.1037273,1.3006201,1.3701202,1.4280864,1.4700885,1.1398492,1.161459,1.1471859,1.1328468,1.3621501,1.3367234,1.7585802,1.6936986,1.4613029,1.4334949,1.3914703,1.3439413,1.1933793,1.1661631,1.0592979,1.0705938,1.2654585,1.2935528,1.0719868,1.0660009,1.5861633,1.5734408,1.1313115,1.1632775,0.9069105,0.92882174,1.0445704,1.0317293,0.91407555,0.9296643,0.96965396,1.0041419
1.3077959,1.2701572,1.230242,1.2299623,1.3048818,1.3284316,1.2926857,1.2020708,1.1962572,1.1602429,1.2514101,1.2583107,1.4105471,1.3599067,1.0944215,1.1059155,1.3686011,1.3299601,1.2562929,1.2690983,1.1165673,1.1494471,1.1063219,1.114625,1.2491652,1.2636436,1.3260894,1.4131163,1.3788655,1.3039399,1.3744564,1.3551421,1.0501531,1.0746123,0.9871195,1.0049132,1.0699499,1.0520293,1.0646777,0.95769656,1.5347341,1.4560843,1.0775261,1.0176996,0.8714495,0.9315663,0.891144,0.9028483,0.87881035,0.89725655,0.87125206,0.8492171
1.262027,1.2561961,1.2003627,1.2073331,1.3366159,1.3063124,1.2139117,1.2601327,1.2281219,1.2050911,1.2807795,1.2365757,1.3802453,1.4186082,1.0648123,1.0347251,1.3050171,1.3275018,1.3456342,1.3796724,1.1489255,1.1357745,1.1410749,1.1126405,1.3156627,1.32379,1.4130908,1.5665628,1.3353424,1.3683071,1.3080925,1.4569633,1.0963371,1.036938,1.1466112,1.1301674,1.1662261,1.19685,1.1320997,1.1215408,1.5106734,1.4881358,1.0608509,1.0666355,0.8748577,0.93166345,0.939867,0.94137245,0.91648793,0.9150912,0.91363883,0.9024936
1.2991174,1.3084265,1.2482896,1.2330635,1.30539,1.3656543,1.3185784,1.3383993,1.2491729,1.3339773,1.3275775,1.3483984,1.5185552,1.4941639,1.1992322,1.1589134,1.3990321,1.4167837,1.3930211,1.3796687,1.2115291,1.2081184,1.208359,1.1752326,1.3430779,1.3578123,1.4953835,1.537871,1.4014568,1.4108497,1.4688368,1.4986322,1.1901116,1.2031409,1.1424757,1.1454345,1.221942,1.2322327,1.1262991,1.1590441,1.516307,1.5143021,1.0759677,1.1294514,0.9278486,0.9480363,0.9904723,0.99188316,0.944837,0.93247426,0.95568573,0.9572044
1.1594526,1.1655272,1.1379427,1.115934,1.2262732,1.2425439,1.1769787,1.1928749,1.1737317,1.1683563,1.227703,1.2070364,1.4330201,1.4339502,1.0149815,1.0332798,1.2613212,1.2608161,1.323649,1.3699858,1.1312509,1.1089729,1.103889,1.0685024,1.2941964,1.3183324,1.5627075,1.6259019,1.3765985,1.3593216,1.4349546,1.4761084,1.0333474,1.046897,1.1355932,1.1441085,1.1091508,1.1232524,0.9553609,0.9909692,1.3708696,1.3522158,0.994409,1.0165299,0.8434389,0.92497444,0.97054017,0.93782324,0.8997208,0.8554585,0.85534203,0.84539884
1.3132329,1.3236345,1.234862,1.2536767,1.3496157,1.3925203,1.2733989,1.2627386,1.2567197,1.2762566,1.335104,1.334575,1.4829456,1.4461976,1.2178233,1.2223604,1.413772,1.415767,1.3051401,1.3830614,1.140641,1.172751,1.0971237,1.095568,1.2566862,1.2528745,1.4141247,1.4612224,1.3027141,1.3037972,1.3804007,1.3827627,1.209937,1.251873,1.1185437,1.0996764,1.1754055,1.1871276,1.2279252,1.1885242,1.5389788,1.5159019,1.11957,1.1484773,0.9311164,0.93728054,0.982831,0.99829024,0.9293512,0.94951534,0.958732,0.94862795
1.3563559,1.3562347,1.1900551,1.2116567,1.3585243,1.3906115,1.5169208,1.5064081,1.2639573,1.2984966,1.2756392,1.29584,1.5018053,1.5190719,1.1421983,1.1428356,1.3910683,1.4198024,1.2909018,1.308179,1.1313117,1.1368784,1.1476923,1.1747978,1.2204636,1.2465104,1.3386372,1.4814241,1.318783,1.3597237,1.3153338,1.4013168,1.0729612,1.079505,1.2430165,1.2245679,1.0385684,1.0681388,0.9600864,0.94647384,1.2876298,1.2987605,1.0285026,1.0446,0.96300787,0.94620425,0.95878404,0.96528566,0.955174,0.9736829,0.89278185,0.89401764
1.3863605,1.4081185,1.3272923,1.3320066,1.4048454,1.4197073,1.3445657,1.354381,1.2820475,1.3125404,1.3843107,1.3998717,1.5468236,1.5494465,1.139463,1.1272626,1.3633299,1.4139211,1.4307896,1.478424,1.2208873,1.2501084,1.1883866,1.1826442,1.3932301,1.3986326,1.5294309,1.5874696,1.4325951,1.4499085,1.4836121,1.5562117,1.1635277,1.1752025,1.1834646,1.1657184,1.2261984,1.2517891,1.358945,1.3578728,1.6463403,1.6328541,1.1765672,1.1326206,0.94324785,0.95023483,1.0736605,1.0951489,0.9875446,0.9993555,0.9277369,0.953249
1.3110837,1.3586286,1.2974206,1.340498,1.4045166,1.4613239,1.3002561,1.353534,1.293653,1.3055923,1.3845576,1.4464101,1.6473231,1.6589228,1.1182479,1.1350484,1.4592702,1.5069176,1.4209902,1.4963158,1.2434568,1.30067,1.1746688,1.2317059,1.3785956,1.4315207,1.5922664,1.5749481,1.5090473,1.5102209,1.5011199,1.546206,1.1898757,1.2224187,1.1769694,1.1757888,1.2119963,1.2428488,1.0734344,1.0847527,1.4340713,1.4770714,1.0697014,1.0949692,0.90443873,0.92661387,0.96450466,0.9620369,0.8763415,0.88558024,0.9713289,0.95010406
1.279395,1.2408812,1.2776452,1.2723292,1.2915833,1.3281007,1.3205627,1.2320873,1.167166,1.2079908,1.252575,1.2912451,1.5055159,1.4356568,1.0282867,0.9835321,1.3767707,1.3228036,1.3412204,1.3936813,1.1288335,1.1668882,1.0875791,1.1062577,1.3213919,1.3003751,1.5908593,1.5659674,1.3736737,1.3620731,1.4971627,1.4495889,1.0191747,1.1101686,1.1147714,1.1234311,1.2100476,1.2073238,1.0704389,1.0781264,1.634881,1.5939914,1.1629581,1.1560462,0.9006466,0.93105966,0.92751706,0.9368919,0.89009154,0.8825625,0.9363788,0.92535055
1.409364,1.4116818,1.3365884,1.341099,1.5321198,1.5473009,1.3789321,1.3790926,1.4278696,1.424267,1.4763355,1.4903305,1.7094309,1.7135478,1.2340935,1.1981066,1.4710752,1.5232723,1.4335256,1.4427443,1.3498479,1.3319056,1.34376,1.2829204,1.5758384,1.5667337,1.6715858,1.6703932,1.623503,1.5860522,1.6438154,1.6379994,1.3109286,1.2802343,1.2297376,1.2099112,1.1934404,1.2225106,1.1380553,1.1790141,1.6669412,1.6415787,1.0894909,1.1068444,0.9749945,0.9589287,1.0167621,1.0205166,0.95494604,0.91226697,0.97005385,0.9393791
1.5342577,1.5245833,1.4808569,1.4505398,1.6549661,1.6318887,1.3883909,1.417724,1.3976729,1.398652,1.5563084,1.5536631,1.7269096,1.7174447,1.3810049,1.3172206,1.6577208,1.6737055,1.5771958,1.6072836,1.340389,1.3349061,1.2514372,1.2521688,1.4475691,1.4725238,1.8180625,1.8551823,1.5231879,1.5203787,1.573743,1.6579186,1.3783622,1.3544204,1.1797578,1.1866283,1.3071288,1.3152252,1.3325548,1.3165617,1.6121267,1.582035,1.0941777,1.1040887,0.88508,0.95063084,1.0800219,1.0803462,0.990076,0.99442333,0.94063133,0.9428439
1.2106335,1.2176762,1.1984195,1.1819633,1.3047342,1.290576,1.1585534,1.2006907,1.1512746,1.145151,1.1817197,1.1578175,1.2637031,1.2946461,1.0576341,1.017561,1.2448405,1.2570034,1.2221417,1.2570125,1.1302556,1.1168642,1.0784262,1.0577596,1.1792718,1.1651525,1.330952,1.3838531,1.2317479,1.2384884,1.2121359,1.1969231,1.1066852,1.115461,1.0925651,1.0781515,1.0682675,1.0703908,0.93678176,0.9520121,1.3653322,1.3403155,0.99729866,1.0128565,0.8755402,0.9226822,0.9211726,0.9313428,0.9120798,0.8735154,0.86273235,0.8629353
1.3660045,1.3787637,1.3353283,1.3200952,1.419122,1.3926566,1.4323943,1.4235255,1.3432286,1.2803118,1.4158862,1.366783,1.6471708,1.6216582,1.249933,1.2247797,1.4435204,1.4199238,1.4047191,1.4776742,1.2502587,1.2155503,1.2250443,1.2061431,1.4242618,1.3695174,1.764322,1.6775254,1.4782691,1.4861257,1.4947217,1.4809247,1.2359153,1.205901,1.1209104,1.1285826,1.1440816,1.1424713,0.95827127,0.9808634,1.5024805,1.4846658,1.0588527,1.0740564,0.89568037,0.9449536,0.9908255,0.9870727,0.98580194,0.9960365,0.9379448,0.9314794
1.3463371,1.3887038,1.2784611,1.3170662,1.4193896,1.4891226,1.3595647,1.3979272,1.2737621,1.326344,1.3316064,1.3599985,1.5189804,1.5496216,1.1859301,1.1739043,1.4682596,1.4909968,1.3730145,1.349893,1.2207404,1.2737293,1.2183831,1.1951772,1.44506,1.4180794,1.6280572,1.6527177,1.4963682,1.4279476,1.4898381,1.4673846,1.2205204,1.2608486,1.1220338,1.1188282,1.1551304,1.166514,1.112245,1.111581,1.4256914,1.449368,0.93926674,1.0145475,0.8939833,0.9423168,0.9758625,0.99673057,0.9342556,0.9321157,0.9049907,0.91359925
1.4882796,1.4595238,1.391227,1.361679,1.5653453,1.5061381,1.4278606,1.4452572,1.4703962,1.4127027,1.4161168,1.3800704,1.6859411,1.6609256,1.1827347,1.2217832,1.4855968,1.4981202,1.6017256,1.6793425,1.294616,1.2721716,1.2668891,1.273897,1.5788804,1.5627955,1.8611398,2.0667448,1.7153708,1.6750165,1.6977198,1.7230157,1.199373,1.1936508,1.2273835,1.2048486,1.2415208,1.2522284,1.2984244,1.2739828,1.9111195,1.7655141,1.2451898,1.1838925,0.9893275,0.9565393,1.0522087,1.0498233,1.0396098,1.0246564,0.9930817,0.9897683
1.302849,1.2696731,1.2472141,1.2130156,1.3284358,1.3258116,1.2399346,1.1888466,1.1511078,1.172405,1.2127321,1.2066725,1.3861241,1.3710687,1.1562562,1.1464993,1.3839979,1.4102569,1.3647006,1.3601538,1.1370217,1.129255,1.094965,1.1100371,1.1841674,1.2327489,1.4084673,1.4473498,1.3051319,1.2513222,1.3212718,1.3466156,1.1202409,1.1514353,1.1071132,1.1106973,1.1379988,1.1617197,1.2277863,1.184157,1.2905061,1.285951,0.97527874,0.9773051,0.89517194,0.91980964,0.99650836,0.9750214,0.93540305,0.91711617,0.9268688,0.94252867
1.3383746,1.3255543,1.2049773,1.2065554,1.4021983,1.3918631,1.2912565,1.2865427,1.2448391,1.1998445,1.322243,1.289011,1.5212187,1.5257937,1.2086234,1.2120739,1.4281471,1.4050156,1.4034896,1.4464092,1.15299,1.1371936,1.0964831,1.065664,1.2396809,1.2298994,1.6398834,1.7007957,1.359864,1.3280655,1.3889041,1.402489,1.2035136,1.1768205,1.0238663,0.94288754,1.1564094,1.157173,1.2409196,1.2347277,1.4305347,1.420584,0.9213695,0.9453525,0.8076477,0.88375187,0.95230037,0.9410514,0.8825012,0.87287307,0.8447531,0.8362393
1.1571754,1.213223,1.1171521,1.1291652,1.2583296,1.3041793,1.1822767,1.1634277,1.1387801,1.1408734,1.1198853,1.2038585,1.2700181,1.3672245,0.9714357,0.9646303,1.214419,1.241572,1.2079482,1.2382982,1.0445431,1.0559286,1.0348936,1.0291332,1.2340866,1.2767106,1.4820808,1.6269765,1.3253822,1.3473011,1.3272668,1.5167345,1.0427872,1.0186785,1.0412832,0.97975117,1.1504122,1.1843239,1.0868255,1.1371382,1.4642587,1.445501,1.0717198,1.0674024,0.92040265,0.9240886,0.89216167,0.900709,0.84900326,0.8328032,0.92462486,0.9098282
